Age,Age_bacon,Age_clam20,Que.il.t,Que.ce.t,Que.ro.t,Ole,Pin,Abi,Ace,Aln,Bet,Cupeae,Euc,Fag,Fra,Fra.or,Jug,Hde,Mor,Ost,Pin.ha,Pic,Til,Ulm,Cas,Abt,Bux,Cpx,Cis,Cor,Thy,Eph.d.,Eph.cf.fr,Eph.indet,Erceae,Gei,Jun,Myt,Pfl,Pis,Pru,Rbs,Rhu,Slx,Sor,Tam,Tax,Vib,Vit,Ziz,Erc,Poaeae,Ach,Alh,Ahu,Apieae,All,Aum,Art,Asd,Ast-t,Braeae,Bup,Can-t,Crd,Cdu,Crl,Cryeae,Cen.ja,Cen,Ctu,Cer.ud,Che,Coo,Cypeae,Dip,Drb-t,Ecm,Eup,Fabeae,Flc,Flg-t,Gal,Gen,Ger,Glo,Hli,Hyp,Jas,Jnceae,Lameae,Lav,Asteae.Ci,Lileae,Lim,Lnr,Lin,Lin.ca,Lot,Lyt,Mal,Mth,Mnt,Mrc,Pap,Phm,Pln.co,Pln.la-t,Pln.ma,Pln.mr,Pol.av,Prl,Pso,Rad,Ran,Rhi,Roseae,Rubeae,Rum.as,Rum.al,Rum.ob,Sgi,Sax,Scr.t.,Sed,Sen-t,Srr-t,Sil,Sin,Smi,Sol.ni,Spu-t,Sta,Teu,Tha,Trf-t,Sol.ni,Sol.ni,Vro,Vio,Char,Influx,influx_bacon,influx_bacon_z,Influx_clam20,Influx_clam20z
-76,-62,-62,10.7,1.9,5.9,8.8,25.3,0,0,0.3,0,0,6.1,0,1.1,0,0,0,0,0.5,0,0,0,0,0,0,0,0,1.1,0.3,0,0,0,0.3,0,0,3.5,1.1,0.8,5.1,0,0,0,0,0,0,0,0,0.3,0,11.7,5.3,0,0,0,0.3,0,0,1.3,0.5,0.5,0.8,0,0,0,0,0,0,0,0,0,0,2.9,0,1.9,0,0,0,0,0,0,0,0,0,0,0,0.3,0,0,0,0,0.3,1.3,0,0,0,0,0,0,0,0,0,0,0.5,0,0,0,0.5,0,0,0,0,0,0,0,0,0,0,0,0.5,0,0,0,0,0,0,0,0,0,0,0,0,0,0,0,0.3,0,0,0,0,633440.8889,42465.31099,48726.22222,-1.084202262,42828.99857,-0.871233509
103,92,115,17.8,3.7,3.2,4,1.7,0,0,0.7,0,0,0,0,0.7,0,0,0,0,0,0,0,0,0.2,0,0.2,0,0,3.5,0.2,0,0,0,0,0,0,2.7,1.2,1.7,10.9,0,0,0,0,0,0,0,0,0.2,0,21.8,8.4,0,0,0,0.2,0,0,1.5,0.5,1.2,0.2,0,0,0,0,0.5,0,0,0,0,1.2,2,0,2.2,0,0,0,0,0,0,0,0,0,0.2,0,0.5,0,0,0,0.5,0,1.2,0,0,0,0,0,0,0,0,0,0.2,0,0.5,0,1.7,1.2,0,0.5,0,0,0,0,0,0,0,0,0,2.2,0,0,0,0,0,0,0,0,0,0,0,0,0.2,0,0,0,0,0.2,0,0,652392,44016.80964,50184,-1.080411645,44229.9661,-0.86921149
282,243,292,20.5,3.7,6.1,5.4,0.7,0,0,0.7,0,0,0,0,1.7,0,0.2,0,0,0.2,0,0,0,0,0,0,0,0,0,0,0,0,0.7,0,0,0.2,5.1,1,1.7,9,0,0,0,0,0,0,0,0.2,0.2,0,20.3,5.6,0.5,0,0,1.2,0,0,1.7,0,1.2,1,0,0.2,0,0,0.2,0,0,0,0,0.2,2.9,0,2.2,0,0.2,0,0,0,0,0.2,0,0,0,0,0.2,0,0,0,0,0.5,1.2,0,0,0.2,0,0,0,0.2,0,0,0,0,0,0,0,1,0,0.2,0,0,0,0,0,0.2,0.2,0,0,2.4,0,0,0,0,0,0,0,0,0,0,0,0,0,0,0,0,0,0,0,0,487517.3333,33477.58512,37501.33333,-1.113390019,33300.3643,-0.884986202
518,448,524,20.6,7.7,2.6,8.9,1,0,0,0.7,0,0,0,0,0.5,0,0,0,0,1.4,0,0,0,0,0,0,0,0,4.3,0,0.5,0,0,0,0,0,5.3,1.4,1,5.8,0,0,0,0,0,0,0,0,0,0,20.4,7,0.2,0,0,0.7,0,0,1,0,0.5,0.5,0,0,0,0,0,0,0,0,0,0.5,0.7,0,0.2,0,0,0,0,0,0,0.2,0,0,0,0,0,0.5,0,0,0.7,0,1.2,0,0.2,0,0,0,0,0,0,0,0.2,0,0,0,0,0.5,0,0,0,0,0,0,0,0,0,0,0,2.9,0,0,0,0,0,0,0,0,0,0,0,0,0,0.2,0,0,0.2,0,0,0,398684,28163.10817,30668,-1.13115854,27744.18928,-0.893005439
748,652,751,18.7,5.7,5.9,9.2,0.9,0,0,1.2,0,0,0,0,1.4,0,0,0,0,0.7,0,0,0,0,0,0.5,0,0,4.5,0,0,0,0,0,0,0,4.7,1.9,1.9,7.3,0,0,0,0,0,0,0,0,0,0,16.5,6.1,0,0.2,0,0.2,0,0,0.9,0,0.7,0.5,0,0,0,0,0,0,0,0,0,0.7,3.1,0,0.7,0,0,0,0,0,0,0.2,0.2,0,0,0,0,0,0,0,0,0.2,1.7,0,0,0,0,0,0,0,0,0,0,0,0,0,0,0.7,0,0.7,0,0,0,0,0.2,0,0.2,0,0,1.2,0,0,0,0,0,0,0,0,0.2,0,0,0.2,0,0.2,0,0.2,0,0,0,0,394807.6364,28910.399,30369.81818,-1.131933894,28261.10497,-0.892259373
971,857,971,20.6,12.1,4.2,9.6,1.2,0,0,2.6,0,0,0,0,0.5,0,0,0,0,0.2,0,0,0,0,0,0,0,0,3,0,0.5,0,0,0,0,0,5.8,2.1,1.6,7.5,0,0,0,0,0,0,0,0,0,0,17.1,3.5,0,0,0,0.2,0,0,1.6,0.5,0,0.5,0,0,0,0,0,0,0,0,0,0.2,1.6,0,1.2,0,0,0,0,0,0,0,0,0,0,0,0,0,0,0,0,0,0.5,0,0,0,0,0,0,0,0,0,0,0,0,0,0.2,1.6,0,0.5,0,0,0,0,0,0,0,0,0,0.5,0,0,0,0,0,0,0,0,0,0,0,0,0,0,0,0,0,0,0,0,951994.1053,73406.77438,73230.31579,-1.02048497,70885.63703,-0.830739317
1185,1065,1181,18.3,10.5,4.3,7,0.5,0,0,2.3,0,0,0,0,0,0,0.3,0,0,0.5,0,0,0,0,0,0,0,0,3.5,0.3,0,0,0,0,0,0.3,3,4,1,7.3,0,0,0,0,0,0,0,0,0,0,14.3,7.3,0.8,0,0,0,0,0,1.3,1.3,0.8,1.3,0,0,0,0,0,0,0,0,0,1,3.8,0,2,0,0,0,0,0,0,0,0,0,0,0,0,0.3,0,0,0.8,0,0.8,0,0,0,0,0,0.3,0,0,0,0.3,0,0,0,0,1.3,0,0.3,0,0,0,0,0,0,0,0,0,1.8,0,0,0,0,0,0,0,0,0,0,0,0,0,0,0,0,0,0,0.3,0,273263.5862,22479.26673,22771.96552,-1.151690372,21398.87128,-0.902163646
1386,1263,1379,19.3,9.8,3.3,6.3,0.3,0,0,2,0,0,0,0,0.3,0,0,0,0,0.3,0,0,0,0.3,0,0,0,0,3,0.5,0.8,0,0,0,0,0,4,9,1,3.8,0,0,0,0,0,0,0,0,0,0,13.3,8.5,0,0,0,0.5,0,0,1.3,0,1,0.3,0,0,0,0,0,0,0,0,0,0,6.5,0,2.3,0,0,0,0,0,0,0.3,0,0,0,0,0,0,0,0,0,0,2,0,0,0,0,0,0,0,0,0,0.3,0,0,0,0,1,0.3,0.3,0,0,0,0,0,0,0,0,0,1.3,0,0,0,0,0,0,0,0,0,0,0,0,0,0,0,0,0,0,0,0,1085062.588,96450.00784,90421.88233,-0.975782233,90648.50359,-0.80221554
1574,1455,1564,23.5,12.9,1.9,5.3,1.4,0,0,2.4,0,0,0,0,0.7,0,0,0,0,0.5,0.2,0,0,0,0,0,0,0,3.1,0.5,0,0,0,0,0,0,1.2,5,1,3.1,0,0,0,0.2,0.2,0,0,0,0,0,16.8,7.7,0,0,0,0.2,0,0,0.5,0,0.2,0.2,0,0,0,0,0,0,0,0,0,0.5,4.8,0,2.2,0,0,0,0,0,0,0,0,0,0,0,0,0,0,0,0,0,1.4,0.2,0,0,0,0,0,0,0,0,0.5,0,0,0,0,0.7,0,1,0,0,0,0,0,0,0,0,0.5,1.4,0,0,0,0,0,0,0,0,0,0,0,0,0,0,0,0,0,0,0,0,297990.6885,29340.62164,22922.36065,-1.151299304,27016.38155,-0.894055885
1746,1658,1733,14.3,8.6,1.7,5.7,1.2,0,0,1.2,0.2,0.2,0,0,0.5,0,0,0,0,1.2,0,0,0,0,0,0.2,0,0,4.8,0.2,0,0,0,0.2,0,0,2.9,13.5,1.4,4.8,0,0,0,0,0,0,0,0,0,0,16.9,6.7,0.5,0,0,0.7,0,0,0.7,0.2,0.7,1,0,0,0,0,0.5,0,0,0,0,0,3.8,0,1,0,0,0,0.2,0,0,0.2,0,0,0,0,0,0.2,0,0,0.5,0,1.4,0,0,0,0,0,0,0,0,0,0,0,0,0,0.2,1.4,0.2,0.2,0,0,0,0,0,0,0,0,0,0.5,0.2,0,0,0,0,0,0,0,0,0,0.2,0,0,0,0,0,0,0,0,0,620412,68934.66667,47724,-1.086808312,62227.88365,-0.843235067
1899,1853,1883,17,6.9,4.4,1.7,1.2,0,0,4.2,0,0,0,0.2,1,0,0,0,0,1.5,0,0,0,0.5,0,0.2,0,0,3.2,0.7,0.2,0,0,0,0,0,2.9,7.1,0.2,3.9,0,0,0,0,0,0,0,0,0,0,22.4,7.9,0,0,0,0,0,0,1,0,0.2,1,0,0,0,0,0,0,0,0,0,0,5.9,0,0.7,0,0,0,0,0,0,0,0,0,0,0,0,0,0,0,0.2,0,1.5,0,0,0,0,0,0,0,0,0,0,0,0,0,0,1.5,0,0.2,0,0,0,0,0,0,0,0,0,1,0,0,0,0,0,0,0,0,0,0,0,0,0,0,0,0,0,0,0,0,699769.7778,87130.86727,87471.22223,-0.98345475,80156.90467,-0.817358082
2034,1976,2012,16.7,5.7,3.9,2.5,1.7,0,0,2.5,0.7,0.2,0,0,1,0,0,0,0,1,0,0,0,0.5,0,0,0,0,4.4,0.7,0,0,0,0,0,0,2,7.9,0.2,6.2,0,0,0,0,0,0.2,0,0,0,0,24.6,6.7,0.2,0,0,0.7,0,0,1.5,0,0.7,0.7,0,0,0,0,0,0,0,0,0,0,2.7,0,1.5,0,0,0,0,0,0,0.5,0,0,0,0,0,0,0,0,0.5,0,0.5,0,0,0.2,0,0,0,0,0,0,0,0,0,0,0,0.5,0.2,0.5,0,0,0,0,0,0,0.2,0,0,0.7,0,0,0,0,0,0,0,0,0,0,0,0,0,0,0,0,0,0,0,0,868576.8,120122.3234,108572.1,-0.928586742,118658.0328,-0.761789341
2156,2095,2122,16,6.7,3.7,2.2,2.5,0,0,3.7,0.2,0,0,0.7,0.5,0,0,0.2,0,1.2,0,0,0,0,0,0,0,0,3,1.5,0,0,0,0,0,0,1.5,4.2,0.7,5.2,0,0,0,0.2,0,0,0,0,0,0,29.3,5.9,0,0,0,0.2,0,0,1,0.2,0.2,1,0,0,0,0,0.2,0,0,0,0,0.2,1.2,0,1,0,0,0,0,0.2,0,0.5,0.2,0,0.2,0,0,0,0,0,0.2,0.2,1.5,0,0,0,0,0,0,0,0,0,0,0,0,0,0,0.5,0.2,1.2,0,0,0,0,0,0,0,0,0,1.2,0,0,0,0,0,0,0,0,0,0,0,0,0,0,0,0,0,0,0,0,729144,102937.9765,91143,-0.973907131,113928.75,-0.768615123
2410,2365,2339,16.9,5.3,4.1,2.5,2.3,0,2.3,0,0,0,0,0,0.2,0,0,0,0,1.4,0,0,0,0,0,0,0,0,5,0,0.2,0,0,0,0,0,1.4,3.7,1.8,3,0,0,0,0,0,0,0,0,0,0,34.6,6.2,0,0,0,0.2,0.2,0,0.9,0,1.4,0.2,0,0,0,0,0,0.2,0,0,0,0,1.4,0,1.8,0,0,0,0,0,0,0.2,0,0,0,0,0.2,0,0,0,0,0,1.8,0.2,0,0,0,0,0,0,0,0,0,0,0,0,0,0.5,0,0.2,0,0,0,0.2,0,0,0,0,0,1.1,0,0,0,0,0,0,0,0,0,0,0,0,0,0,0,0,0,0,0,0,1652493.818,211981.7143,236070.5454,-0.597056189,272688.7488,-0.539476559
2496,2449,2414,22.8,3.2,8.5,1.5,1.5,0,0,1.5,0,0,0,0,1.2,0,0,0,0,1.2,0,0,0,0,0,0,0,0,4.4,0,0.5,0,0,0,0,0,1.2,1.7,0.5,5.3,0,0,0,0,0,0.2,0,0,0,0,30.1,5.8,0,0,0,0,0,0,1,0,2.2,0.7,0,0,0,0,0,0,0,0,0,0.2,1.7,0,3.6,0,0,0.2,0,0,0,0.2,0,0,0,0,0,0,0,0,0,0,1,0,0,0,0,0,0,0,0,0,0,0,0,0,0,0.5,0,0,0,0,0,0,0,0,0,0.2,0,1,0,0,0,0,0,0,0,0,0,0,0,0,0,0,0,0,0,0,0,0,1174606.588,143061.0588,167800.9411,-0.774575684,180987.1476,-0.671829629
2753,2701,2655,28.7,3,3.3,2.8,1.7,0,0,0.4,0.4,0,0,0.2,0.9,0,0,0,0,1.1,0,0,0,0,0,0,0,0,0.9,0.4,0.2,0,0,0,0,0,0.7,1.3,0.9,2.6,0,0,0,0,0,0,0,0,0,0,43,1.5,0.7,0,0,0,0,0,1.1,0,0.4,1.3,0,0,0,0,0,0,0,0,0,0,1.1,0,1.5,0,0,0,0,0,0,0.4,0,0,0,0,0,0,0,0,0.4,0,0,0,0,0.2,0,0,0,0,0,0,0,0,0,0,0,0,0,0,0,0,0,0,0,0,0,0,0,0.2,0,0,0,0,0,0,0,0,0,0,0,0,0,0,0,0,0,0,0,0,737842.56,76410.88,73784.256,-1.019044575,78078.57778,-0.820357734
2808,2763,2715,22.3,6.7,5.7,1.9,1,0,0.6,1.5,0,0,0,0,1.1,0,0,0,0,0.4,0,0,0,0,0,0,0,0,0.4,1,1.1,0,0,0,0,0,1.3,1.3,0.6,1.9,0,0,0,0,0,0,0,0,0.2,0,40.3,1.9,0,0,0,0,0,0,0.8,0.2,0,1.3,0,0,0,0,0,0,0,0,0,0,2.7,0,1.5,0,0,0,0.2,0,0,0.6,0,0,0,0,0.8,0,0,0.2,0.2,0.2,0.6,0.2,0,0,0,0,0,0,0,0,0,0,0,0,0,0.2,0,0.4,0,0,0,0,0,0,0,0,0,0,0,0,0,0,0,0,0,0,0,0,0,0,0,0.2,0,0.2,0,0,0,0,3589900.364,361156.9782,326354.5785,-0.362293206,334566.6695,-0.450168056
3062,3051,3036,15.4,4.1,2.5,1.1,1.6,0,0,1.4,0,0,0,0,0,0,0,0,0,0.9,0,0,0,0,0,0.2,0,0,0.9,0.9,0.5,0,0,0.2,0,0,0.5,1.1,0.9,2.8,0,0,0,0,0,0,0,0,0,0,52.8,2.5,0.5,0,0,0.5,0,0,0.7,0,0.7,1.1,0,0,0,0,0,0,0,0,0,0,2.1,0,1.8,0,0,0,0,0,0,0.9,0,0,0,0,0,0,0,0,0.7,0,0.9,0,0,0,0,0,0,0,0,0,0.5,0,0,0,0,0.2,0,0.2,0,0,0,0.2,0,0,0,0,0,0.5,0,0,0,0,0,0,0,0,0,0,0,0,0,0,0,0,0,0,0,0,2552004,253615.3043,232000.3636,-0.607639766,193187.2824,-0.654221155
3305,3314,3337,16.4,3,3.2,1.5,1.7,0,0,1.3,0.4,0,0,0,0.6,0,0,0,0,0.6,0,0,0,0,0,0.2,0,0,2.6,0.6,0.2,0,0,0,0,0.2,0,2.1,1.3,3.2,0,0,0,0,0,0.4,0,0,0,0,49.7,1.7,0.9,0,0,0.2,0,0,0.4,0,0.2,0.2,0,0,0,0,0,0.2,0,0,0,0,1.9,0,2.1,0,0,0.2,0,0,0,0.6,0,0,0,0,0.2,0,0,0,0,0.4,0.6,0,0,0,0,0,0,0,0,0,0.4,0,0,0,0,0,0,0.2,0,0.2,0,0.2,0,0,0,0,0,0.9,0,0,0,0,0,0.4,0.2,0,0,0,0,0,0,0,0,0,0,0,0.2,0,1413516,148791.1579,128501.4545,-0.876765013,127000.5391,-0.749748588
3384,3400,3421,21.4,3.3,2.2,0.9,2.2,0,0,4.7,0.4,0,0,0,0.7,0,0,0,0,1.1,0.2,0,0,0,0,0.2,0,0,1.1,0.4,0.2,0,0,0.4,0,0,1.3,1.3,0.2,5.1,0,0,0,0,0,0,0,0,0,0,41.5,2.9,0,0,0,0.7,0,0,0.7,0,0.2,0.7,0,0,0,0,0,0,0,0,0,0,1.8,0,2,0,0,0,0,0,0,0.9,0,0,0,0,0,0,0,0,0,0,0.4,0,0,0,0,0,0,0,0,0,0.2,0,0,0,0,1.3,0,0,0,0,0,0.4,0,0,0,0,0,0.4,0,0,0,0,0,0,0,0,0,0,0,0,0,0,0,0,0,0,0,0,2435596.8,260292.7878,221417.8909,-0.635157067,242831.1864,-0.582570028
3685,3703,3716,13.2,1.1,2.6,0.4,1.3,0,0,1.3,0.2,0,0,0,0,0,0,0,0,1.3,0,0,0,0.2,0,0,0,0,1.1,1.1,0.4,0,0,0,0,0,0,2,0.4,1.5,0,0,0,0.2,0,0,0,0,0,0,59,3.1,0,0,0,0.4,0,0,0.2,0.2,0.2,0.4,0,0,0,0,0.2,0,0,0,0,0,3.3,0,2.2,0,0,0,0,0,0,0.7,0,0,0,0,0,0,0,0,0,0.2,0.7,0,0,0,0,0,0,0,0,0,0.2,0,0,0.2,0,0.9,0,0.4,0,0,0,0.4,0,0,0,0,0,0.4,0,0,0,0,0,0,0,0,0,0,0,0,0,0,0,0,0,0,0,0,1063993.412,114639.0208,118221.4902,-0.903495709,124735.4528,-0.753017791
3777,3799,3800,16.1,7.2,2.3,0.6,2.1,0,0,1.9,0,0,0,0,0.6,0,0,0,0,0.6,0,0,0,0.2,0,0.2,0.2,0,1.3,0.6,0.2,0,0.2,0,0,0,0.2,2.3,0.9,3.4,0,0,0,0,0,0.6,0,0.2,0,0,48.1,2.3,0.2,0,0,0.6,0,0,0,0.4,0.6,0.4,0,0,0,0,0,0,0,0,0,0.2,3.2,0,1.5,0,0,0,0,0,0,0.2,0,0,0,0,0,0,0,0,0,0.4,0.4,0.2,0,0,0,0,0,0,0,0.2,0,0,0,0,0,0,0,0.6,0,0,0,0,0,0,0,0,0,0.6,0,0,0,0,0,0,0,0,0,0,0,0,0,0,0,0,0,0,0,0,3081806,320354.0541,342422.8889,-0.320511239,371749.8191,-0.396501556
3982,4007,3980,14.4,2.4,2.8,0.5,2.6,0,0,3.1,0,0,0,0,1.2,0,0,0,0,0.9,0,0,0,0,0,0,0,0,1.9,1.7,0,0,0,0,0,0,1.9,1.9,0.2,5,0,0,0,0,0,0,0,0,0,0,46.9,3.1,0,0,0,0,0,0,0,0.5,1.4,0,0,0,0,0,0,0,0,0.2,0,0,2.4,0,2.4,0,0,0,0,0,0,0.7,0,0,0,0,0,0,0,0,0.2,0,1.7,0,0,0,0,0,0,0,0,0,0.2,0,0,0,0,0.5,0,0.2,0.2,0,0,0.2,0,0,0,0,0,0.9,0,0,0,0,0,0,0,0,0,0,0,0,0,0,0,0,0,0,0,0,1693195.636,170384.4666,188132.8484,-0.721707208,208009.2919,-0.632828524
4258,4268,4214,17.6,3.5,4,1.5,1.5,0,0.2,2,0,0,0,0,0.5,0,0,0,0,0.9,0,0,0,0,0,0.2,0,0,3.1,0.4,0,0,0,0,0,0,0.7,1.8,1.8,2.7,0,0,0,0,0,0.2,0,0,0,0,47.8,2,0,0,0,0.5,0,0,0.2,0.4,0.4,0,0,0,0,0,0,0,0,0,0,0,2.2,0,2.2,0,0,0,0.2,0,0,0.4,0,0,0,0.2,0.2,0.4,0.2,0,0,0.2,0.9,0,0,0,0,0,0,0,0,0.2,0,0,0,0,0,0.5,0,0.2,0,0,0,0,0,0,0.2,0,0,0,0,0,0,0,0,0,0.2,0,0,0,0,0,0,0,0,0,0,0,0,0,3545942.4,337708.8,354594.24,-0.288862424,406178.9691,-0.346809909
4300,4307,4249,16.8,1.1,4.1,1.5,1.5,0,0,1.1,0,0,0,0.2,0,0,0,0,0,0.4,0.2,0,0,0,0,0,0,0,1.9,0,0,0,0,0,0,0,0.6,4.5,0.4,3,0,0,0,0,0,0,0,0,0,0,50,3,0.2,0,0,0,0,0,0.6,0.2,0.9,1.1,0,0,0,0,0,0,0,0,0,0,3,0,2.2,0,0,0,0,0,0,0.9,0,0,0,0,0.2,0,0,0,0.6,0,0,0,0,0,0,0,0,0,0,0,0,0.2,0,0,0,0.6,0,0,0,0,0,0,0,0,0,0.2,0,0.4,0,0,0,0,0,0,0,0,0,0,0,0,0,0,0,0,0,0,0,0,2445240,227464.186,271693.3333,-0.504427275,275055.1181,-0.536061175
4363,4364,4303,13.3,2.3,3.2,0.9,0.9,0,0,2.3,0,0,0,0,0.7,0,0,0,0,0.7,0,0,0,0,0,0,0,0,2,0.7,0,0,0,0,0,0,0.9,4.3,1.6,2.5,0,0,0,0,0,0,0,0,0,0,52.1,2.3,0.2,0,0,0,0,0,1.4,0.5,0.5,0.7,0,0,0,0,0,0,0,0,0,0,3.8,0,2,0,0,0,0,0,0,0.7,0,0.2,0,0,0,0,0,0,0.2,0.2,0.2,0,0,0,0,0,0,0,0,0,0,0,0,0,0,0.5,0,0,0,0,0,0.2,0,0,0,0,0,0,0,0,0,0,0,0,0,0,0,0,0.2,0,0,0,0,0,0,0,0,0,4469059.636,403223.4258,496562.1818,0.080292746,488421.8181,-0.228108671
4429,4420,4359,15.7,2.4,4.8,0.9,2,0,0,1.5,0.2,0,0,0,0.7,0,0,0,0,1.1,0,0,0,0,0,0.4,0,0,0.7,0.2,0,0,0,0,0,0,1.1,3.7,0.9,3.9,0,0,0,0,0,0,0,0,0,0,47.1,3.9,0.2,0,0,0.2,0,0,0,0.2,0.2,0.7,0,0,0,0,0,0,0,0,0,0.2,3.5,0,2,0,0,0,0,0,0,0.9,0,0,0,0,0,0,0,0,0.2,0.4,0.7,0,0,0,0,0,0,0,0,0,0,0,0,0,0,0.9,0,0.4,0,0,0,0,0,0,0,0,0,0.2,0,0,0,0,0,0,0,0,0,0,0,0,0,0,0,0,0,0,0,0,5506956,478865.7391,611884,0.380160764,582130.6554,-0.092858555
4496,4475,4416,11.8,2.9,5.1,0.7,3.3,0,0,1.8,0.4,0,0,0,0.4,0,0,0,0,0.7,0.2,0,0,0.2,0,0,0,0,2,0.9,0.4,0,0,0,0,0,0.7,3.1,1.3,3.3,0,0,0,0,0,0,0,0,0,0,46.3,3.6,0.2,0,0,0.4,0,0,0.4,0.2,0.4,0.4,0,0,0.2,0,0,0,0,0,0,0,2.7,0,2.2,0,0,0,0,0,0,1.3,0,0,0,0,0,0,0,0,0.2,0,1.6,0,0,0,0,0,0,0,0,0,0.7,0,0,0,0,0.4,0,0,0,0,0,0,0,0,0,0,0,1.1,0.2,0,0,0,0,0,0,0,0,0,0,0,0,0,0,0,0,0,0,0,4683151.2,394964.559,468315.12,0.006842721,477872.5714,-0.243334416
4590,4550,4496,14.2,1.7,3.4,2.3,1.5,0,0,1.9,0,0,0,0,0.2,0,0,0,0,0.4,0,0,0,0,0,0.6,0,0,1.5,1.3,0,0,0,0.2,0,0,1.7,3.2,1.1,6.6,0,0,0,0,0,0,0,0,0,0,47.2,3.2,0.2,0,0,0.2,0,0,0.2,0,0.2,0.4,0,0,0,0,0,0,0,0,0,0,3.4,0,1.3,0,0,0,0,0,0,0.2,0,0,0,0,0.2,0,0,0,0,0,0.6,0,0,0,0,0,0,0,0,0,0,0,0,0,0,0.6,0.2,0.4,0,0,0,0,0,0,0,0,0,0.8,0,0,0,0,0,0,0,0,0,0,0,0,0,0,0,0,0,0,0,0,1777104,145069.7143,177710.4,-0.748808402,172200,-0.684512133
4662,4606,4559,10,2.6,1.9,0.9,1.5,0,0,3,0.2,0,0,0,0.4,0,0,0,0,1.5,0,0,0,0.6,0,0.2,0,0,1.7,1.5,0.2,0,0,0,0,0,0.9,4.1,1.1,6.7,0,0,0,0,0,0,0,0,0,0,47.8,3.5,0,0,0,0,0,0,0.2,0,0.6,1.3,0,0,0,0,0,0,0,0,0,0,3,0,2.2,0,0,0,0,0,0,0.6,0,0,0,0,0,0,0,0,0.4,0.2,0.4,0,0,0,0,0,0,0,0,0,0.6,0,0,0,0,0.4,0,0.6,0,0,0,0,0,0,0,0,0,0.9,0,0,0,0,0,0,0,0,0,0,0,0,0,0,0,0,0,0,0,0,1586208,124060.9609,158620.8,-0.798446542,147417.1004,-0.720281332
4737,4663,4625,11.2,1.3,3.5,2,1.5,0,0,1.5,0,0,0,0,0.2,0,0,0,0,1.1,0,0,0,0,0,0,0.2,0,2.6,1.3,0,0,0,0.2,0,0,0.9,4.4,1.3,3.5,0,0,0,0.2,0,0,0,0,0.2,0,50.8,3.5,0,0,0,0.2,0,0,0.4,0.2,0.4,0.4,0,0,0,0,0.2,0,0,0,0,0,2,0,1.5,0.2,0,0,0,0,0,0.4,0,0,0,0,0.4,0,0,0,0,0.2,0.9,0,0,0,0,0,0,0,0,0,0.2,0,0,0,0,0.2,0,0.9,0,0,0,0,0,0,0,0,0,1.1,0,0,0,0,0,0,0,0,0,0,0,0,0,0,0,0,0,0,0,0,3536988,267663.9568,353698.8,-0.291190811,314678.6477,-0.47887247
4841,4743,4718,10.5,3.2,2.6,1.7,1.7,0,0,1.9,0.2,0,0,0.2,1.5,0,0,0,0,0.9,0,0,0,0,0,0.4,0,0,1.3,0.6,0.2,0,0,0,0,0,1.9,6.6,1.1,2.1,0,0,0.2,0.2,0.2,0.6,0,0,0.4,0.2,51,2.6,0,0,0,0,0,0,0.4,0,0.4,0.4,0,0,0,0,0.2,0,0,0,0,0.2,1.3,0,1.7,0,0,0.2,0,0,0,0,0,0,0,0,0.2,0,0,0,0,0.2,0.2,0,0,0,0,0,0,0,0,0,0,0,0,0.2,0,0,0,0.4,0,0,0,0,0,0,0,0,0,1.3,0,0,0,0,0,0,0,0,0,0,0,0,0,0,0,0,0,0,0,0,2626624,193134.1176,187616,-0.723051155,208959.7454,-0.631456733
4922,4826,4798,12.5,2.6,4.6,1.5,2.9,0,0,1.5,0.2,0,0,0,0,0,0,0,0,0.9,0,0,0,0.2,0,0.7,0,0,1.5,0.7,0,0,0,0.2,0,0,0.9,3.3,1.3,4.8,0,0,0,0,0,0,0,0,0.2,0,48.1,4.4,0,0,0,0,0,0,0.2,0,0.2,0.9,0,0,0,0,0,0,0,0,0,0,1.8,0,0.9,0,0,0,0,0,0,0.4,0,0,0,0,0,0,0,0,0,0.4,1.3,0,0,0,0,0,0,0,0,0,0.4,0,0,0,0,0.4,0,0,0,0,0,0,0,0,0,0,0,0.7,0,0,0,0,0,0,0,0,0,0,0,0,0,0,0,0,0,0,0,0,2940028,210002,210002,-0.664841481,203744.1441,-0.638984419
4977,4882,4858,10.3,1.1,3.1,0.4,2.2,0,0,4.3,0.7,0,0,0.7,0,0,0,0,0,1.6,0.2,0,0,0,0,0,0,0,1.6,0.9,0,0,0,0,0,0,0.9,1.8,0.7,4.3,0,0,0,0,0,0,0,0,0,0,53.1,2,0.2,0,0,0,0,0,0.7,0,0,1.1,0,0,0,0,0,0,0,0,0,0.2,2.7,0,1.8,0,0,0,0,0,0,1.1,0,0,0,0,0,0,0,0,0.2,0.2,1.8,0.2,0,0,0,0,0,0,0,0,0.2,0,0,0,0,0.2,0.2,0,0,0,0,0,0,0,0,0,0,0.7,0,0,0,0,0,0,0,0,0,0,0.2,0,0,0,0,0,0,0,0,0,3707121.6,260148.8842,264794.4,-0.522366373,238860.9278,-0.588300308
5090,4996,4988,8.6,2.7,3.8,1.1,2.7,0,0,1.8,0.4,0,0,0,0.7,0,0,0,0,0.9,0,0,0,0,0,0,0,0,4.4,0.2,0.2,0,0,0,0,0.2,0,0.9,0.7,4.2,0,0,0,0,0,0,0,0,0,0,55.2,3.5,0.4,0,0,0,0,0,0.4,0.2,0.2,1.3,0,0,0,0,0,0,0,0,0,0,2,0,2.2,0,0,0,0,0,0,0.4,0,0,0,0,0.2,0,0,0,0.4,0.2,0.7,0,0,0,0,0,0,0,0,0,0.4,0,0,0,0,0.2,0,0.2,0,0,0,0,0,0,0,0,0,0.2,0,0,0,0,0,0,0,0,0,0,0,0,0,0,0,0,0,0,0,0,2865408,198469.8182,204672,-0.678700927,165534.8354,-0.694131976
5205,5106,5132,7.1,3.8,4.6,1,1.7,0,0,2.3,0.2,0,0,0,0.2,0,0,0,0,0.8,0,0,0,0,0.2,0.2,0,0,2.1,0.6,0.2,0,0,0.2,0,0,1,1,1.9,3.1,0,0,0,0,0,0,0,0,0,0,55.5,2.9,0,0,0,0.4,0,0,0.2,0,0.6,1.7,0,0,0,0,0,0,0,0,0,0,1.7,0,1.9,0,0,0,0,0,0,0.2,0,0,0,0,0,0,0,0,0.2,0.4,0.6,0,0,0,0,0,0,0,0,0,0.4,0.2,0,0,0,0.6,0.2,0.6,0,0,0,0.2,0,0,0,0,0,0.8,0,0,0,0,0,0,0,0,0,0,0,0,0,0,0,0,0,0,0,0,4020525.6,275918.4235,287180.4,-0.464156699,216157.2903,-0.621068505
5321,5216,5284,3,4.3,1.4,0.9,1.6,0,0,2.3,0,0,0,0,0,0.2,0,0,0,0.2,0,0,0,0.2,0,0,0,0,2.3,1.1,0.5,0,0,0,0,0,0.2,0,0.5,3.4,0,0,0,0,0,0.5,0,0,0,0,68.9,2.3,0,0,0,0.2,0,0,0.2,0,0.5,1.6,0,0,0,0,0,0,0,0,0,0,2,0,0.5,0,0,0,0,0,0,0.2,0.2,0,0,0,0,0,0,0,0,0,0.5,0,0,0,0,0,0.2,0,0,0,0,0,0,0,0,0.2,0,0.5,0,0,0,0,0,0,0,0,0,0,0,0,0,0,0,0,0,0,0,0,0,0,0,0,0,0,0,0,0,0,2352565.091,160402.1653,180966.5455,-0.740341541,121328.7824,-0.757934644
5409,5298,5401,3,2.7,5.3,1.1,1.8,0,0,1.8,0,0.2,0,0,0,0,0,0,0,0,0,0,0,0,0,0,0,0,3.9,0.2,0,0,0,0,0,0,0.5,0.2,2.3,1.1,0,0,0,0,0,0,0,0,0.5,0,66.4,1.6,0,0,0,0,0,0,0.2,0.2,0.7,1.4,0,0,0,0,0,0,0,0,0,0.2,1.1,0,2.1,0,0,0,0,0,0,0.2,0,0,0,0,0.2,0,0,0,0.2,0,1.1,0.2,0,0,0,0,0,0,0,0,0,0,0,0,0,0.5,0,0.5,0,0,0,0,0,0,0,0,0,0.5,0,0,0,0,0,0,0,0,0,0,0,0,0,0,0,0,0,0,0,0,5700968,390477.2603,407212,-0.152041971,290125.598,-0.514309927
5497,5383,5519,1.3,3.8,3.6,2.2,2.4,0,0,0.4,0,0,0,0,0,0,0,0,0,0,0,0,0,0,0,0,0,0,4.5,0.4,0,0,0,0,0,0,0,0,0.7,2.4,0,0,0,0,0,0,0,0,0,0,68.4,2.9,0,0,0,0.4,0,0,0.7,0.2,0.4,0.2,0,0,0,0,0,0,0,0,0,0,2,0,2,0,0,0,0,0,0,0.2,0,0,0,0,0.4,0,0,0,0.2,0,0.4,0,0.2,0,0,0,0,0,0,0,0,0,0,0,0,0.2,0,0,0,0,0,0,0,0,0,0,0,1.1,0,0,0,0,0,0,0,0,0,0,0,0,0,0,0,0,0,0,0,0,4405564.8,305942,314683.2,-0.392641957,224430.1987,-0.609128203
5555,5440,5597,3.8,2,2.5,2,2.3,0,0,0.7,0.2,0,0,0,0.7,0,0,0,0,0,0,0,0,0,0,0.2,0.2,0,2.7,0.7,0,0,0.5,0,0,0,0,0,0.7,2.5,0,0,0,0,0,0,0,0,0,0,68.2,3.2,0,0,0,0.2,0,0,0.2,0.7,0.2,0,0,0,0,0,0,0,0,0,0,0,1.8,0,2.9,0,0,0,0,0,0,0.7,0,0,0,0,0,0,0,0,0.2,0,0.5,0.7,0,0,0,0,0,0,0,0,0,0,0,0,0,0.5,0,0,0,0,0,0.2,0,0,0,0,0,0.9,0,0,0,0,0,0,0,0,0,0,0,0,0.2,0,0,0,0,0,0,0,3447444,240519.3488,246246,-0.570597246,177155.3957,-0.677360003
5641,5525,5713,1.1,3.5,2.6,1.3,1.1,0,0,1.1,0.2,0,0,0,0,0,0,0,0,0,0,0,0,0.2,0,0,0,0,3.5,0.4,0.4,0,0,0,0,0,0.4,0,0.4,1.5,0,0,0,0,0,0,0,0,0,0,73.1,2.4,0,0,0,0.4,0,0,0,0,0.4,0.7,0,0,0,0,0,0,0,0,0,0,0.9,0,1.5,0,0,0,0,0,0,2.2,0,0,0,0,0,0,0,0,0.2,0,0.9,0,0,0,0,0,0,0,0,0,0,0,0,0,0,0.4,0,0,0,0,0,0,0,0,0,0,0,0.2,0,0,0,0,0,0,0,0,0,0,0,0,0,0,0,0.2,0,0,0,0,8560406.4,602845.5211,611457.6,0.379052008,451260.2214,-0.281744064
5727,5610,5825,1.1,2.9,3.1,0.9,2.2,0,0,1.8,0,0.2,0,0,0.2,0,0,0,0,0,0,0,0,0,0,0,0,0,2,0.2,0,0,0,0,0,0,0.4,0,0.7,2,0,0.2,0,0,0,0,0,0,0,0,72.1,2,0.2,0,0,0.4,0,0,0,0.2,0.2,0.4,0,0,0,0,0,0,0,0,0,0,2,0,1.8,0,0,0,0,0,0,2.2,0.2,0,0,0,0,0,0,0,0.2,0,0.4,0,0,0,0,0,0,0,0,0,0,0,0,0,0,0.7,0,0,0,0,0.2,0,0,0,0,0,0,0.2,0,0,0,0,0,0,0,0,0,0,0,0,0,0,0,0,0,0,0,0,10942276.8,787214.1583,781591.2,0.821445531,601224,-0.0653011
5783,5666,5897,1.1,3.7,1.9,1.5,2.2,0,0,0.9,0,0.2,0,0,0,0,0,0,0.2,0,0,0,0,0,0,0.2,0,0,1.7,0,0,0.2,0,0,0,0,0,0,0.4,2.6,0,0,0,0,0,0,0,0.2,0,0,71.4,4.1,0,0,0,0.2,0,0,0,0.2,1.3,0.4,0,0,0,0,0,0,0,0,0,0,1.3,0,2.4,0,0,0,0,0,0,1.3,0,0,0,0,0,0,0,0,0.4,0,0.4,0.2,0,0,0,0,0,0,0,0,0.4,0,0,0,0,0.2,0,0,0,0,0,0.2,0,0,0,0,0,0.6,0,0,0,0,0,0,0,0,0,0,0,0,0,0,0,0,0,0,0.2,0,5350254,391482,382161,-0.217181368,305205.5904,-0.492544949
5866,5749,5999,0.8,1.5,1.5,1.3,1.1,0,0.2,1.1,0,0,0,0.2,0,0,0,0,0,0.2,0,0.2,0,0.2,0,0,0,0,2.1,0.6,0.2,0,0,0,0,0,0.8,0,0.4,3,0,0.2,0,0,0,0,0,0,0,0,74.3,1.5,0.2,0,0,0.2,0,0,0.6,0,0.2,0.4,0,0,0,0,0,0,0,0,0,0,1.7,0,1.9,0,0,0,0,0,0,3.4,0,0,0,0,0,0,0,0,0.2,0,0.2,0,0,0,0,0,0,0.2,0,0,0,0,0,0,0,0.4,0,0.2,0,0,0,0.2,0,0,0,0,0,0.2,0,0,0,0,0,0,0,0,0,0,0,0,0,0,0,0,0,0,0,0,6422746.909,482913.3014,458767.6364,-0.017983327,394275.4395,-0.363990292
5947,5832,6093,1.1,1.3,1.7,1.1,2.1,0,0,0.4,0,0.2,0,0,0.2,0,0,0,0,0.4,0,0,0,0.2,0,0,0,0,2.1,0.2,0,0,0,0,0,0,0.4,0,0.4,3.2,0,0,0,0,0,0,0,0,0,0,73.9,1.7,0.2,0,0,0.2,0,0,0.2,0,0.2,0.4,0,0,0,0,0.2,0,0,0,0,0,2.4,0,0.9,0,0,0,0,0,0,2.8,0,0,0,0,0,0,0,0,0.4,0,0.9,0,0,0,0,0,0,0,0,0,0,0,0,0,0,0.2,0,0.2,0,0,0,0,0.2,0,0,0,0,0.4,0,0,0,0,0,0,0,0,0,0,0,0,0,0,0,0.2,0,0,0,0,9760296,756612.093,697164,0.601911903,661266.6667,0.021358578
5999,5886,6150,1.2,0.2,1.4,1.4,1.8,0,0,0.8,0.2,0,0,0,0.2,0,0,0,0,0.6,0,0,0.2,0,0,0,0,0,3.6,0.2,0,0,0,0,0,0,0,0,0,2,0,0,0,0.2,0,0,0,0,0,0,76.3,1.8,0,0,0,0.4,0,0,0.2,0.6,0.4,1,0,0,0,0,0,0,0,0,0,0,1,0,1.4,0,0,0,0,0,0,1.8,0,0,0,0,0,0,0,0,0.2,0,0.2,0,0,0,0,0,0,0,0,0,0,0,0,0,0,0.4,0,0.2,0,0,0,0.6,0,0,0,0,0,0.6,0,0,0,0,0,0,0,0,0,0,0.2,0,0,0,0,0,0,0,0,0,8479816.8,678385.344,652293.6,0.485236688,623974.7461,-0.032464911
6076,5966,6227,1.4,0.7,2.8,0.7,1.6,0,0,0.7,0,0,0,0,0.2,0,0,0,0,0,0,0,0,0,0,0,0,0,1.8,0.9,0.2,0,0,0,0,0,0.7,0,0,2.8,0,0,0,0,0,0,0,0,0,0,75,1.6,0,0,0,0.2,0,0,0,0.2,0.7,0.5,0,0,0,0,0,0,0,0,0,0.2,0.9,0,3.4,0,0,0,0,0,0,3.7,0.2,0,0,0,0,0,0,0,0,0.5,0.7,0,0,0,0,0.2,0,0,0,0,0,0,0,0,0,0,0,0.2,0,0,0,0,0,0,0,0,0,0,0.2,0,0,0.2,0,0,0,0,0,0,0,0.2,0,0,0,0,0,0,0,0,11945169.6,1013529.542,918859.2,1.178379577,1030644.487,0.554482183
6149,6035,6291,0.7,0.7,1.5,0.7,0.9,0,0,0.2,0,0,0,0,0,0,0,0,0,0.2,0,0,0,0,0,0,0,0,2,1.1,0,0,0,0,0,0,0.7,0,0.4,1.8,0,0,0,0,0,0,0,0,0,0,76.3,1.3,0,0,0,0.7,0,0,0.2,0,0.7,0.4,0,0,0,0,0,0,0,0,0,0,1.1,0,2.4,0,0,0,0,0,0,4.4,0,0,0,0,0,0.2,0,0,0,0,0.9,0,0,0,0,0,0.2,0,0.2,0,0.4,0,0,0,0,0.4,0.4,0.2,0,0,0,0,0,0,0,0,0,0.4,0.2,0,0,0,0.2,0,0,0,0,0,0,0,0,0,0,0,0,0,0,0,7692643.636,687610.6044,769264.3636,0.789392412,826277.5119,0.259518998
6241,6115,6362,0.7,0.5,2.5,0.5,1.6,0.2,0,0.2,0,0,0,0,0,0,0,0,0,0.5,0,0,0,0,0,0,0,0,1.8,0,0.2,0,0,0,0,0,0.2,0,0,2.1,0,0.2,0,0,0,0,0,0,0,0,74.9,1.4,0,0,0,0.2,0,0,0.5,0.7,0.2,0.7,0,0,0,0,0,0,0,0,0,0,1.1,0,4.1,0,0,0,0,0,0,6.4,0,0,0,0,0,0,0,0,0.2,0,0.9,0,0,0,0,0,0,0,0,0,0.2,0,0,0,0,0,0,0.2,0,0,0,0.2,0,0,0,0,0,0.7,0,0,0,0,0,0,0,0,0,0,0,0.2,0,0,0,0,0,0,0,0,10861687.2,1018283.175,1357710.9,2.319513072,1289986.603,0.92879108
6328,6178,6427,1.9,0.8,1.5,0.4,1.5,0,0,0.2,0,0,0,0,0.2,0,0,0,0,0.6,0,0,0.2,0,0,0,0,0,1.7,0,0.4,0,0.2,0,0,0,0.2,0,0.4,3,0,0,0,0,0,0,0,0,0,0,77.3,1.5,0,0,0,0,0,0,0.2,0,0.8,0,0,0,0,0,0,0,0,0,0,0.2,0.6,0,1.5,0,0,0,0,0,0,3.8,0,0,0,0,0,0,0,0,0,0.2,0.8,0.2,0,0,0,0,0,0,0,0,0,0.2,0,0,0,0,0,0,0,0,0,0.4,0,0,0,0,0,0.2,0,0,0,0,0,0,0,0,0,0,0,0,0,0,0,0,0,0,0,0,7288881.6,728888.16,809875.7333,0.894992992,939288.866,0.422628468
6369,6212,6457,0.2,0,1.7,1.1,2.1,0,0,0.4,0,0,0,0,0.2,0,0,0,0,0.4,0,0,0,0,0,0,0,0,3.6,0.4,0,0,0,0,0.2,0,0.4,0,0,2.1,0,0,0,0.2,0,0,0,0,0,0,78.2,1.7,0,0,0,0.4,0,0,0.2,0,0.2,0.8,0,0,0,0.2,0,0,0,0,0,0,0.6,0,2.5,0,0,0,0,0.2,0,0.4,0,0,0,0,0.2,0,0,0,0.6,0,1.3,0.2,0,0,0,0,0,0,0,0,0,0,0,0,0,0,0,0.8,0,0,0,0.2,0,0,0,0.2,0,0.2,0,0,0,0,0,0,0,0,0.2,0,0,0,0,0,0,0,0,0,0,0,7130958.545,772520.5091,792328.7272,0.849366015,954612.9244,0.444745707
6428,6263,6501,0.4,0.9,3,0.7,1.5,0,0,0.9,0.2,0,0,0,0,0,0,0,0,0.4,0,0,0,0,0,0,0,0,2.4,0.7,0.2,0,0.2,0,0,0,0.2,0,0.9,1.5,0.2,0,0,0,0,0,0,0,0.2,0,73.3,2.8,0,0,0,0,0,0,0.2,0.4,0,0.4,0,0,0,0,0.2,0,0,0,0,0.2,1.3,0,2.6,0,0,0,0,0,0,3.3,0,0,0,0,0,0,0,0,0.2,0,1.7,0,0,0,0.2,0,0,0,0,0,0,0,0,0,0,0.4,0,0,0,0,0,0,0,0,0,0,0,0.4,0,0,0,0,0,0,0,0,0,0,0,0.2,0,0,0,0,0,0,0,0,6569273.455,752206.8841,821159.1819,0.92433302,930491.9908,0.409931924
6609,6427,6632,0.7,0.2,2.6,1.5,2.6,0,0,0.2,0,0,0,0,0,0,0,0,0,0.4,0,0,0,0,0,0,0,0,2,0.9,0.4,0,0,0,0,0,0,0,0,3.3,0,0,0,0,0,0,0,0,0,0,77.1,3.3,0,0,0,0,0,0,0,0.2,0,1.1,0,0,0,0,0,0,0,0,0,0.2,0,0,1.7,0,0,0,0,0,0,1.1,0,0,0,0,0,0,0,0,0,0,1.3,0,0,0,0,0,0,0,0,0,0.2,0,0,0,0,0,0.2,0.2,0,0,0,0.2,0,0,0,0,0,0,0,0,0,0,0,0,0,0,0,0,0,0,0,0,0,0,0,0,0,0,10037882.4,1283915.191,1254735.3,2.051748572,1661901.06,1.465575817
6690,6508,6691,0.2,0,1.6,0.6,1,0,0,0.8,0,0,0,0,0.2,0,0,0,0,0.4,0,0,0,0,0,0.2,0,0,4.3,0.6,0,0,0,0,0,0,0,0,0,1.4,0,0,0,0.2,0,0.2,0,0,0,0,77.6,3.9,0,0,0,0.2,0,0,0,1,1,1.2,0,0,0,0,0,0,0,0,0,0.2,0.2,0.2,1.8,0,0,0,0,0.2,0,0.4,0,0,0,0,0,0,0,0,0,0,0.6,0.2,0,0,0,0,0,0,0,0,0.2,0,0,0,0,0.2,0,0.2,0,0,0,0,0,0,0,0,0,0.2,0,0,0,0,0,0,0,0,0,0,0,0,0,0,0,0.2,0,0,0,0,6742663.2,944831.786,842832.9,0.980690568,1178787.273,0.768296906
6781,6606,6758,0.4,0.9,0.9,2,2,0,0,0.4,0,0,0,0,0,0,0,0,0,0.2,0,0,0,0,0,0,0,0,2.9,0,0.2,0,0,0,0,0,0,0,0,3.1,0,0,0,0,0.2,0,0,0,0,0,79.5,2,0,0,0,0.2,0,0,0.2,0,0.2,1.1,0,0,0,0,0,0,0,0,0,0,0.4,0,2.7,0,0,0,0,0,0,0.2,0,0,0,0,0,0,0,0,0,0,1.3,0,0,0,0,0,0,0,0,0,0,0,0,0,0,0.2,0,0.2,0,0,0,0,0,0,0,0.2,0,0.7,0,0,0,0,0,0,0,0,0,0,0,0,0,0,0,0,0,0,0,0,5238324,756868.1065,654790.5,0.491729306,950694.0109,0.439089532
7004,6864,6936,0.7,0.4,2.7,0,1.3,0,0,1.5,0,0,0,0,0.4,0,0,0,0,0,0,0,0,0,0,0,0,0,3.3,0.4,0.2,0,0,0,0,0.2,0,0,0,3.5,0,0,0,0.2,0,0,0,0,0,0,77,2.7,0,0,0,0.4,0,0,0,0.2,0.9,0,0,0,0,0,0,0,0,0,0,0,0.9,0,4.6,0,0,0,0,0.2,0,0,0,0,0,0,0,0,0,0,0,0,1.3,0,0,0,0,0,0.2,0,0,0,0,0,0,0,0,0.2,0,0,0,0,0,0,0,0,0,0,0,0.7,0,0,0,0,0,0,0.2,0,0,0,0,0,0,0,0,0,0,0,0,0,4778393.455,711202.7467,597299.1819,0.342236279,816819.394,0.245868081
7044,6911,6971,0,0,0.8,1.2,0.6,0,0,0.2,0,0,0,0,0.8,0,0,0,0,0,0,0,0,0.2,0,0,0,0,2.5,0.6,0,0,0,0,0,0,0,0,0.6,1.9,0,0,0,0,0,0,0,0.2,0,0,83.4,1.9,0,0,0,0.2,0,0,0,0.4,0.4,0.6,0,0,0,0,0,0,0,0,0,0,1.4,0,0.8,0,0,0,0,0,0,0,0,0,0,0,0,0,0,0,0.2,0.2,0.6,0,0,0,0,0,0,0,0,0,0.2,0,0,0,0,0,0,0,0,0,0,0,0,0,0,0,0,0.4,0,0,0,0,0,0,0,0,0,0,0,0,0,0,0,0,0,0,0,0.2,3163888,469419.5846,395486,-0.182532752,522093.7294,-0.179509947
7219,7107,7148,0.4,0.2,0.4,0,0.6,0,0,0.6,0,0,0,0,0,0,0,0,0,0.2,0,0,0,0,0,0.2,0,0,2.7,1.7,0,0,0,0,0,0,0,0,0.6,3.2,0,0,0,0,0,0,0,0,0,0,81,1.1,0.2,0,0,0.6,0,0,0.6,0,1.5,0.6,0,0,0,0,0,0,0,0,0,0,1.3,0,2.1,0,0,0,0,0,0,0.6,0,0,0,0,0,0,0,0,0,0,0.8,0,0,0,0,0,0,0,0,0.2,0.2,0,0,0,0,0,0,0,0,0,0,0,0,0,0,0,0,0,0,0,0,0,0,0,0,0,0,0,0,0,0,0.2,0,0,0,0,0,0,4469738,665263.3302,744956.3333,0.726184938,560117.5439,-0.124630114
7381,7263,7355,0.2,0,0.8,0.4,2.3,0,0,0.4,0,0,0,0,0.2,0,0,0,0,0,0,0,0,0.2,0,0,0,0,3.3,0.2,0,0,0,0,0,0,0,0,0.6,4.3,0,0,0,0,0,0,0,0,0,0,78.1,2.7,0,0,0,0.8,0,0,0,0.4,0.8,0,0,0,0,0,0,0,0,0,0,0,1,0,1.4,0,0,0,0,0.2,0,0.4,0,0,0,0,0,0,0,0,0.2,0.4,0.6,0.2,0,0,0,0,0,0,0,0,0.4,0,0,0,0,0,0,0.4,0,0,0,0,0,0,0,0,0.2,0,0,0,0,0,0,0,0,0,0,0,0,0,0,0,0,0,0,0,0,0,3229980,520964.5161,461425.7143,-0.011071603,361699.888,-0.411006638
7434,7317,7426,0,0.2,2.3,0.2,1.7,0,0,0.6,0.2,0,0,0,0,0.2,0,0,0,0,0,0,0,0,0,0,0,0,3.1,0.4,0,0,0,0,0,0,0,0,0,1.7,0,0,0,0,0,0,0,0,0,0,81.6,1.9,0,0,0,0.2,0,0,0.2,0.2,0.4,0.6,0,0,0,0,0,0,0,0,0,0,1.7,0,0.8,0,0,0,0,0,0,0.2,0,0,0,0,0,0.4,0,0,0,0,0.4,0,0,0,0,0,0,0,0,0,0,0,0,0.2,0,0,0,0,0,0,0,0,0,0,0,0,0,0.8,0,0,0.2,0,0,0,0,0.2,0,0,0,0,0,0,0,0,0,0,0,0,3939936,669948.6316,656656,0.496580112,449251.5393,-0.284643198
7629,7525,7671,0.4,0.4,1.3,0,1.9,0.2,0,0.2,0,0,0,0,0,0,0,0,0,0,0,0,0,0,0,0,0,0,4.9,0.4,0,0,0,0,0,0,0,0,0.4,1.3,0,0,0,0,0,0,0,0,0,0,82.1,1.5,0.2,0,0,0.2,0,0,0,0,0.4,0.6,0,0,0,0,0.2,0,0,0,0,0.2,0.8,0,2.1,0,0,0,0,0.2,0,0.6,0,0,0,0,0,0,0,0,0,0,1.3,0,0,0,0,0,0,0,0,0,0,0,0,0,0,0,0,0,0,0,0,0,0,0,0,0,0,0,0,0,0,0,0,0,0,0,0,0,0,0.2,0,0,0,0,0,0,0,0,3109618.909,658992.0867,518269.8182,0.13673849,537996.351,-0.156557668
7681,7591,7721,0.6,0,1,0,1.4,0,0,0.4,0,0,0,0,0,0,0,0,0,0,0,0,0,0,0,0,0,0,4.5,1.2,0.2,0,0,0,0,0,0,0,0.2,1.2,0,0,0,0,0,0,0,0,0,0,83.8,0.8,0,0,0,0.2,0,0,0,0,0.8,0,0,0,0,0,0,0,0,0,0,0,0,0,2.5,0,0,0.2,0,0,0,1.2,0,0,0,0,0,0.2,0,0,0,0,0.6,0.2,0,0,0.2,0,0,0,0,0,0.2,0,0,0,0,0,0.2,0,0,0,0,0,0,0,0.2,0,0,0.2,0,0,0,0,0,0,0,0,0,0,0,0,0,0,0,0,0,0,0,0,2462460,604284.6626,492492,0.069709169,605027.027,-0.059812185
7780,7678,7790,0,0,0.2,0,1.7,0,0.2,0.4,0,0,0,0,0,0,0,0,0,0,0,0,0,0,0,0,0,0,2.9,0.4,0,0,0,0,0,0,0,0,0,0.2,0,0,0,0.2,0,0.2,0,0,0,0,88.6,1,0,0,0,0,0,0,0,0,0.6,0,0,0,0,0,0,0,0,0,0,0,0.2,0,1.2,0,0,0,0,0,0,2.7,0,0,0,0,0,0,0,0,0.2,0,0,0,0,0,0,0,0,0,0,0,0,0,0,0,0,0,0,0,0,0,0,0,0,0,0,0,0,0,0,0.2,0,0,0,0,0,0,0,0,0,0,0,0,0,0,0,0,0,0,5426366.4,1616364.46,1356591.6,2.316602589,1966074.783,1.904590243
7844,7739,7836,0,0,0.4,0,1.9,0,0,0,0,0,0,0,0,0,0,0,0,0.4,0,0,0,0,0,0,0,0,2.1,0.8,0.2,0,0,0,0,0,0.2,0,0,0,0,0,0,0,0,0,0,0,0,0,89.2,0.2,0,0,0.2,0,0,0,0,0,0.4,0,0,0,0,0,0,0,0,0,0,0,0.2,0,1.5,0,0,0,0,0,0,3.1,0,0,0,0,0,0.2,0,0,0,0,0.2,0,0,0,0,0,0,0,0,0,0,0,0,0,0,0,0,0,0,0,0,0.2,0,0,0,0,0,0,0,0,0,0,0,0,0,0,0,0,0,0,0,0,0,0,0,0,0,0,3384763.2,1155772.8,846190.8,0.989422019,1416218.912,1.110982376
7874,7774,7859,0,0,0.4,0,2.3,0,0,0.4,0,0,0,0,0,0,0,0,0,0,0,0.2,0,0.4,0,0,0,0,2.3,0,0,0,0,0,0,0,0,0,0,1,0,0,0,0,0,0,0,0,0,0,89,0.8,0.2,0,0,0,0,0,0,0,1.7,0,0,0,0,0,0,0,0,0,0.2,0,0,0,0.8,0,0,0,0,0,0,1,0,0,0,0,0,0,0,0,0,0,0,0,0,0,0,0,0,0,0,0,0,0,0,0,0,0,0,0,0,0,0,0,0,0,0,0,0,0,0,0,0,0,0,0,0,0,0,0,0,0,0,0,0,0,0,0,0,0,4395796.364,1906610.471,1465265.455,2.599184098,1980088.452,1.924816195
7885,7787,7868,0.2,0,0.6,0,1.9,0,0,0.4,0,0,0,0,0.2,0,0,0,0,0.4,0,0,0,0.2,0,0,0,0,2.5,0.6,0,0,0.2,0,0,0,0,0,0,0.6,0,0,0,0,0,0,0,0,0,0,87.2,0,0.2,0,0,0,0,0,0.2,0,0.8,0,0,0,0,0,0,0,0,0,0,0,0.2,0,1,0,0,0,0,0.4,0,1.7,0,0,0,0,0,0,0,0,0.4,0,0.2,0,0,0,0,0,0,0,0,0,0,0,0,0,0,0,0,0,0,0,0,0.2,0,0,0,0,0,0,0,0,0,0,0,0,0,0,0,0.2,0,0.2,0,0,0,0,0,0,0,0,3895164,1866432.75,973791,1.321217162,1803316.667,1.669681191
7957,7895,7931,0.2,0,0.4,0,1.9,0,0,0.2,0,0,0,0,0.2,0,0,0,0,0,0,0,0,0,0,0,0,0,2.1,0.4,0,0,0,0,0,0,0,0,0,0.6,0,0,0,0,0,0,0,0,0,0,86.9,0.4,0.2,0,0,0,0,0,0,0,0.8,0.4,0.2,0,0,0,0,0,0,0,0,0,0.2,0,0.4,0,0,0.2,0,0,0,3.3,0,0,0,0,0,0,0,0,0,0,0.2,0,0.2,0,0,0,0,0.2,0,0,0.2,0,0,0,0,0,0,0.2,0,0,0,0,0,0,0,0,0,0,0,0.2,0,0,0,0,0,0,0,0,0,0,0,0,0,0,0,0,0,0,5909904,3636864,1477476,2.630934829,3338928.814,3.886032688
7981,7943,7955,0.2,0,0,0,2.5,0,0,0.9,0,0,0,0,0,0,0,0,0,0,0,0,0,0.5,0,0,0,0.2,23.2,0,0,0,0,0,0,0,0,0,0,0.2,0,0,0,0,0,0,0,0,0,0,68,1.4,0,0,0,0,0,0,0,0,1.1,0.2,0,0,0,0,0,0,0,0,0.2,0,0,0,0.9,0.2,0,0,0,0,0,0.5,0,0,0,0,0,0,0,0,0.5,0,0.2,0,0,0,0,0,0,0,0,0,0,0,0,0,0,0,0,0,0,0,0,0,0,0,0,0,0,0,0,0,0,0,0,0,0,0,0,0,0,0,0,0,0,0,0,0,0,0,2132775.273,1476536.727,533193.8183,0.17554494,1277110.942,0.910207617
7996,7978,7971,0.6,0.2,1.6,0,2.2,0,0,0.2,0,0,0,0.2,0,0,0,0,0,0,0,0,0.2,0,0,0,0,0,3.2,0.6,0,0,0.2,0,0,0,0,0,0.2,0.2,0,0,0,0,0,0,0,0,0,0,84.6,0.4,0,0,0,0.2,0,0,0,0,2.4,0.2,0,0,0,0,0,0,0.2,0,0,0,0.4,0,1.2,0,0,0,0,0,0,0.8,0,0,0,0,0,0,0,0,0,0,0,0,0,0,0,0,0,0,0,0,0,0,0,0,0,0,0,0,0.4,0,0,0,0,0,0,0,0,0.2,0,0,0,0,0,0,0,0,0,0.4,0,0,0,0,0,0,0,0,0,0,3519768,2601567.652,1173256,1.839880283,2172696.296,2.202807408
8007,8005,7984,0.2,0,1.2,0,2.9,0,0,0,0,0,0,0,0.2,0,0,0,0,0,0,0,0.4,0,0,0,0,0,2.3,0.6,0,0,0.2,0,0,0,0,0,0,0,0,0,0,0,0,0,0,0,0,0,84.2,1,1.5,0,0,0,0,0,0,0,0.2,0.2,0,0,0,0,0,0,0,0,0,0,0.2,0,1.2,0,0,0,0,0,0,2.3,0.6,0,0,0,0.2,0,0,0,0,0,0.2,0,0,0,0,0,0,0,0,0,0.2,0,0,0,0,0.2,0,0,0,0,0,0.2,0,0,0,0,0,0.2,0,0,0,0,0,0,0,0,0,0,0,0.2,0,0,0,0,0,0,0,0,3508496.727,2610974.309,1169498.909,1.830110827,2192810.454,2.231838205
8042,8097,8026,0.4,0.2,0.8,0,1.8,0.2,0,0.6,0,0,0,0,0,0,0,0,0,0.4,0,0,0,0,0,0,0,0,1.8,0,0,0,0,0,0,0,0,0,0,0,0,0,0,0,0,0,0,0,0,0,87.2,0.2,0,0,0,0,0,0,0.2,0,1.8,0,0,0,0,0,0,0,0,0,0,0,0.2,0,1,0,0,0,0,0,0,3.7,0,0,0,0,0,0,0,0,0,0,0,0,0,0,0,0,0,0,0,0,0.2,0,0,0,0,0.2,0,0,0.2,0,0,0,0,0,0,0,0,0,0,0,0,0,0,0,0,0,0,0,0,0,0,0,0,0,0,0,0,0,2990769.6,2136264,747692.4,0.733299453,1846154.074,1.731508491
8050,8121,8035,0.2,0,0.6,0,0.4,0,0,0.2,0,0,0,0,0.4,0,0,0,0,0.2,0,0,0,0,0,0,0,0,1,0.4,0,0,0,0,0,0,0,0,0,0,0,0,0,0,0,0.2,0,0,0,0,90.7,0.4,0.6,0,0,0.2,0,0,0,0,1,0,0,0,0,0,0,0,0,0,0,0,0,0,0.8,0,0,0,0,0,0,1.4,0,0,0,0,0,0,0,0,0.4,0,0.2,0,0,0,0,0,0,0,0,0,0,0,0,0,0,0.2,0,0,0,0,0,0.4,0,0,0,0,0,0,0,0.6,0,0,0,0,0,0,0,0,0,0,0,0,0,0,0,0,0,0,636071.1724,468684.0218,159017.7931,-0.797414252,385497.6802,-0.376659246
8056,8138,8042,0,0.4,0.2,0,1.9,0,0,0.6,0.2,0,0,0,0,0,0,0,0,0.2,0,0,0,0.2,0,0,0,0,1.2,0.6,0,0,0,0,0,0,0.2,0,0,0.2,0,0,0,0,0,0,0,0,0,0,89,1.2,0,0,0,0,0,0,0,0.2,1,0,0,0,0,0,0,0,0,0,0,0,0.4,0,1,0,0,0,0.2,0.2,0,0.6,0,0,0,0,0,0,0,0,0.6,0,0.2,0,0,0,0,0,0,0,0,0,0,0,0,0,0,0,0,0.2,0,0,0,0,0,0,0,0,0,0,0,0,0,0,0,0,0,0,0,0,0,0,0,0,0,0,0,0,0,0,1515852,1122853.333,378963,-0.225497036,913163.8554,0.384922198
8069,8179,8059,0,0,0.2,0,1.1,0,0.2,0.2,0,0.2,0,0,0,0,0,0,0,0,0,0,0,0,0,0,0,0,0.6,0.4,0,0,0,0,0,0,0,0,0,0.6,0,0,0,0,0,0,0,0,0,0,92,0.2,0,0,0,0,0,0,0,0,1.5,0,0,0,0,0,0,0,0,0,0,0,0.2,0,2.9,0,0,0,0,0,0,1.5,0,0,0,0,0.2,0.2,0,0,0.2,0,0,0,0,0,0,0,0,0,0,0,0,0,0,0,0,0,0,0,0,0,0,0,0,0,0.2,0,0,0,0,0,0,0,0,0,0,0,0,0,0,0,0,0,0.2,0,0,0,0,0,2380378,1713872.16,595094.5,0.336503508,1408507.692,1.09985276
8083,8220,8076,0,0,0.8,0,1.8,0.4,0,0.4,0,0,0,0,0,0,0,0,0,0,0,0,0,0.6,0,0,0,0,2.6,0,0,0,0,0,0,0,0,0,0,0,0,0,0,0,0,0,0,0,0,0,86.8,0.8,0,0,0,0,0,0,0.2,0,1.8,0,0,0,0,0,0,0,0,0,0,0,0.2,0,1.8,0,0,0,0,0,0,3,0,0,0,0,0,0,0,0,0,0,0,0,0,0,0,0,0,0,0,0,0,0,0,0,0,0,0,0,0,0,0,0,0,0,0,0.2,0,0,0.2,0,0,0,0,0,0.2,0,0,0,0,0,0,0,0,0,0,0,0,0,3939936,3030720,984984,1.350321999,2290660.465,2.373065284
8094,8252,8090,0,0.2,0.8,0,2.1,0,0,0.4,0,0,0,0,0.2,0,0,0,0,0.4,0,0,0,0,0,0,0,0,0.8,0.8,0,0,0,0,0,0,0,0,0,0,0,0,0,0,0,0,0,0,0,0,87.3,1.1,0,0,0,0,0,0,0,0.2,1.1,0,0,0,0,0,0,0,0,0,0,0,0.2,0,1.5,0,0,0.4,0,0.2,0,2.5,0,0,0,0,0,0,0,0,0,0,0,0,0.2,0,0,0,0,0,0,0,0.4,0,0,0,0,0,0,0.2,0,0,0,0,0,0,0,0,0,0.2,0,0,0,0,0,0,0,0,0,0,0,0,0,0,0,0,0,0,0,0,3695725.091,2771793.818,923931.2728,1.191568342,2136257.278,2.150214914
8096,8261,8093,0,0.2,0.4,0,2.7,0.2,0,0.4,0,0.2,0,0,0,0,0,0,0,0,0,0,0,0,0,0,0,0,1.7,0.4,0,0,0,0,0,0,0,0,0,0.2,0,0,0,0,0,0,0,0,0,0,84.8,0.4,0,0,0,0,0,0,0,0,1.7,0,0,0,0,0,0,0,0,0,0,0,0,0,1.2,0,0,0.2,0,0,0.2,4,0.2,0,0,0,0,0.2,0,0,0.8,0,0,0,0,0,0,0,0,0,0,0,0,0,0,0,0,0,0,0.2,0,0,0,0.4,0,0,0.2,0.2,0,0,0,0,0,0,0,0,0,0,0,0,0,0,0,0,0,0,0,0,0,0,2637477.818,1883912.727,659369.4545,0.50363583,1524553.652,1.267342081
8110,8313,8110,0.6,0,0.2,0,1.3,0,0,0,0,0,0,0,0.2,0,0,0,0,0,0,0,0,0.2,0,0,0,0,3.2,0,0,0,0,0,0,0,0,0,0,0.2,0,0,0,0,0,0,0,0,0,0,82.1,0.6,0,0,0,0,0,0.2,0.4,0,3,0,0,0,0,0,0,0,0,0,0,0,0.2,0,2.1,0,0,0,0,0,0,2.1,0.2,0,0,0,3.8,0,0,0,0.4,0,0.4,0,0,0,0,0,0,0,0,0,0.2,0.2,0,0,0,0,0,0,0,0,0,0,0,0,0,0,0,0,0,0,0,0,0,0,0,0,0,0,0,0,0,0,0,0,0,0,0,0,688800,510222.2222,98400,-0.955036962,407573.9645,-0.344796509
8124,8395,8127,0,0.2,0.4,0,1.8,0,0,0.4,0,0,0,0,0,0,0,0,0,0,0,0,0,0,0,0,0,0,2.8,0.2,0,0,0,0,0,0,0,0,0,0.4,0,0,0,0,0,0,0,0,0,0,84.3,0.8,0.2,0,0,0.2,0,0,0,0,4.6,0,0,0,0,0,0,0,0,0,0,0,0.6,0,0.8,0,0,0.2,0,0,0,2,0,0,0,0,0.4,0,0,0,0,0,0,0,0,0,0,0,0,0,0,0,0.4,0,0,0,0,0,0,0,0,0,0,0,0,0,0,0,0,0.2,0,0,0,0,0,0,0,0,0,0,0,0,0,0,0,0,0,0,0,0,623823.2,74791.21083,62382.32,-1.048692703,369126.1538,-0.400288297
8137,8497,8144,0,0,0,0,2.3,0,0,0,0,0,0,0,0,0,0,0,0,0.5,0,0,0,0,0,0,0,0,1.4,0.5,0,0,0,0,0.5,0,0,0,0,0.5,0,0,0,0.5,0,0,0.5,0,0,0,87.5,0.9,0,0,0,0,0,0,0,0,0,0,0,0,0,0,0,0,0,0,0,0,0.5,0,0.9,0,0,0,0,0,0,3.2,0,0,0,0,0,0,0,0,0.5,0,0,0,0,0,0,0,0,0,0,0,0.5,0,0,0,0,0.5,0,0,0,0,0,0,0,0,0,0,0,0,0,0,0,0,0,0,0,0,0,0,0,0,0,0,0,0,0,0,0,0,77193.10345,9334.891704,5146.206897,-1.197522127,30450.92838,-0.889098798