Age,Age_bacon,Age_clam20,Que.il-t,Que.su-t,Que.pu-t,Ole,Pin,Abi,Acc,Ace,Aln,Bet,Cpn.be,Cas.sa,Cel,Cti,Cit,Cupeae,Euc,Fag,Fic.ca,Fra,Fra.or,Jug,Mor,Ost,Pic,Pla,Pop,Pru-t,Sor,Sty,Tax,Til,Ulm,Vtx,Arc.ox,Bux,Abt,Cis,Pfl,Pis,Cpx,Crn.sa,Cor,Eph,Gei-t,Hde.he,Hpp,Jun-t,Lav-t,Myt,Ros,Rbs,Slx,Sam,Smi,Tam,Thyeae,Vit,Erc.ar-t,Poaeae,Ach-t,All,Apieae,Aum-t,Art-t,Apg,Asd.al-t,Asteae.Ci,Ast-t,Asg-t,Bor,Braeae,Cam-t,Can.sa,Cdu-t,Crl-t,Crh,Cryeae,Ctu,Ctr,Crs-t,Cen.cy,Cer.so,Cer-t,Cpy.hi-t,Che-t,Cch,Cgo,Cyd,Con-t,Ccu,Cus,Cyc,Cgl-t,Dau.ca,Ecm,Ery,Eup,Epr,Fabeae,Flc.vu,Flg-t,Fum,Gal,Geneae,Ger,Glm,Hli,Hern,Hum,Hyp,Kna,Lameae,Lav,Lileae-t,Lnr,Lin,Lin.ca-t,Lis-t,Lot,Lyg,Lys.vu-t,Mlv,Mth,Mnt-t,Mrc.an,Odo-t,Orl,Orn-t,Orp,Pap,Pyc-t,Peu-t,Phm,Pmp.ma-t,Pln.co,Pln.la,Pln.ma,Pln.mr,Pol,Pri,Ptl-t,Rad.li,Ran.ac-t,Res,Roseae,Rubeae,Rum.as-t,Rum.al,Sal-t,San.mi-t,Sax.rt,Scu-t,Sca,Sll-t,Screae,Sed,Sen,Sil.di-t,Sil.vu-t,Sin-t,Sol.du,Sol.ni-t,Spu-t,Sta-t,Teu,Tha,Thg.cy,Trf.pr-t,Trf.re-t,Urt.cf.di,Urt.pi-t,Val,Vlr,Vrb,Vro-t,Vic-t,char,infl,Influx_bacon,Influx_bacon_z,Influx_clam20,Influx_clam20z
-62,-62,-62,7.2,2.1,1.6,5.1,24.2,0,0,0,0.6,0.4,0,0,0,0,0,2.1,0,0,0,1,0,0,0,0.6,0.6,0,0,0,0,0,0,0,0,0,0,0,0,0,1.4,7.4,0,0,0.8,0,0,0,0,8.8,0,0.6,0,0,0.2,0,0,4.3,0,0,1.8,12.3,0.6,0,0,0,1.2,0,0,0.4,0.2,0,0,0.4,0,0,0,0,0,0,0,0,0,0,0,2.5,0,5.3,0,0,0,0,0,0,0,0,0,0,0,0,0,0,0,0,0.4,0,0,0,0,0,0,0,0,0,0,0,0,0.2,0,0,0,0.4,0,0,0,0,0,0,0,0.4,0,0,0,0,0,0,0,0,0.8,0,0.2,0,0,0,0,0.2,0,0,0,0.6,0.6,0.2,0,0.4,0,0,0,0,0.2,0,0,0,0,0,0,0,0.6,0,0,0,0,0,1.4,0,0,0,0,0,0,24105.9,12315,30855.53333,-0.248264128,92106.06965,0.758424727
-45,-24,-49,5.9,2.2,2.2,5.9,19.4,0,0,0,1,0.4,0,0,0,0.2,0,0,0,0,0,1,0,0,0,1,0,0,0,0.2,0,0.2,0,0,0.4,0,0,0,0,1.4,0.2,12.1,0,0,0.2,0.2,1,0,0,8.5,0,0,0,0,0.4,0,0,1,0,0.2,4,11.3,0.4,0,0,0,0.4,0,0,2,0.4,0,0,3,0,0,0.2,0,0,0.2,0,0,0,0,0,2.2,0,1.8,0,0,0,0,0,0,0,0,0,0,0,0.2,0,0,0,0,0.6,0,0,0,0,0.6,0,0,0,0,0.2,0,0,0,0,0,0,0.8,0,0,0,0,0,0,0,0,0,0,0,0,0,0.2,0,0,2.6,0,0,0,0,0,0,0.2,0,0,0,0.6,1,0,0,0.8,0,0,0,0,0,0,0,0,0,0,0,0,0.6,0.4,0.4,0,0,0,0,0,0,0,0,0,0,39735.7,20299.8,50166.30208,0.357016852,148640.8951,1.895742419
-29,13,-35,10.4,2.2,4.1,3.9,9.6,0,0,0.2,0.8,1,0,0,0,0,0.2,0.6,0,0,0,0.8,0,0,0,0.2,0,0,0,0,0,0,0,0,0.4,0,0,0,0.2,1.6,0.8,8.8,0,0,0,0,1.2,0,0,6.5,0,1.2,0.2,0,0.6,0,0,0.6,0,0.8,3.9,9.4,1.2,0,0,0.2,2.6,0,0.8,2.6,1.6,0,0,1.2,0,0,0.4,0,0.4,0.2,0,0,0,0,0,2,0,3.3,0,0,0,0,0,0,0,0,0,0.2,0.4,0.2,0,0,0,0.8,0,0,0,0,0.2,0.2,0,0,0.8,0,1,0,0.6,0,0,0,0,0,0,0,0,0,0,0.2,0,0.2,0,0,0,0,0,0,0,0.4,2.2,0,0,0,0,0,0,0,0,0,0,1,0.2,0.8,0,0.4,0,0,0,0,0.2,0,0,0,0,0,0,0,2.2,0.2,0.4,0,0,0,0.8,0,0,0,0,0.2,0,53820.6,27495.3,68486.775,0.931257782,201431.6912,2.957741036
-12,51,-21,8.9,1.1,2.8,4,8.5,0,0.2,0,1.1,0.9,0,0,0,0,0,0.2,0,0,0,0.4,0,0,0,2.3,0,0,0,0,0,0.6,0,0,0.4,0.2,0,0,0.4,1.9,0.4,10,0,0,0.2,0,0.8,0,0,8.7,0,0.6,0,0,0.4,0,0,2.5,0,0,4.4,7.6,0.8,0.6,0,0,0.4,0,0,2.1,0.9,0,0,1.1,0,0.2,0.2,0,0,0,0,0,0,0,0,3.8,0,0.8,0,0,0,0.2,0,0,0,0,0,0,0.4,0,0,0.6,0,1.9,0.6,0,0,0,0,0,0,0,0.2,0,0.2,0,0,0,0,0,0,0,0,0,0,0.2,0.2,0,0,0,0,0,0,0,0,0.6,0,0.2,3.6,0,0.6,0,0,0,0,0.8,0,0,0,1.1,1.7,0.2,0,0.4,0,0,0,0,0,0,0,0,0,0,0,0,2.3,0.6,0.6,0,0,0,1.5,0,0,0,0,1.5,0,36704.8,18751.4,64600.46948,0.809444567,139425.4737,1.71035471
4,88,-7,11.1,1.8,1.8,4.1,10.2,0.4,0,0,2.1,0.2,0,0.2,0,0,0,0.2,0.2,0,0,0.2,0,0,0,2,0,0,0,0,0,0.2,0,0,0.2,0,0,0.2,0,2.5,0,9.6,0,0,0.4,0,0.2,0,0,7.6,0,0,0.4,0.2,0,0,0,0.8,0,0.4,3.3,11.5,0,0,0,0,0.8,0,0.2,3.3,0.6,0,0,2.5,0,0,0.4,0,0,0.2,0,0,0,0,0,2.3,0,2.1,0,0,0,0,0,0,0,0,0,0,0,0.4,0,0,0,0,0.6,0,0,0.4,0,0,0,0,0.2,0,0.2,0,0,0.2,0,0,0,0.8,0,0,0,0.2,0.2,0,0,0,0,0,0,0,0,0,0,0,3.3,0,0,0,0,0,0,0.8,0,0,0,1.6,1.6,0,0,0,0,0,0,0.6,0.6,0,0,0,0,0,0,0,1.2,0.2,0,0,0,0,1.4,0.4,0,0,0,1,0,21415.4,10940.5,27411.69753,-0.356208474,77216.04938,0.458880448
21,125,7,11.2,1,1.9,5.4,14.1,0,0,0,1.9,0.4,0,0,0,0,0.2,0.4,0,0,0,0.4,0,0,0,1,0,0,0.2,0,0,0.4,0,0,0.6,0.2,0,0.2,0,1.2,0.4,10,0,0,0.6,0.4,0.2,0,0,5.2,0,0.4,0,0,0.8,0,0,2.5,0,1.3,4.8,13.1,0.4,0,0,0,0.8,0,0.2,2.1,0,0,0,1.3,0,0,0,0,0,0.2,0,0,0,0.2,0,1,0,1.5,0,0,0,0,0,0,0,0,0,0,0.2,0.4,0,0,0,0.2,0,0,0,0.4,0,0,0,0,0,0,0.2,0,0,0,0,0,0,0,0,0,0,0,0,0.2,0,0,0,0,0,0,0,0,0,0.2,2.1,0,0.2,0,0,0,0,0,0,0,0,1.2,0.8,0,0,0,0,0,0,0.2,0,0,0,0,0.2,0,0,0,1.7,1,1,0,0,0,1.2,0.4,0,0,0,0.6,0,36153.2,18469.6,46908.75,0.254911424,127642.8571,1.473322435
37,163,22,12.3,0.9,0.4,3.6,20.2,0,0.2,0,0.9,0.8,0,0,0,0,0,0,0,0,0,0.6,0,0,0,0.9,0,0.2,0,0,0,0,0,0,0.2,0.2,0,0,0,0.4,0.4,10,0,0,0.6,0,0,0,0,5.3,0,0.4,0,0,0.2,0,0,0.9,0,0,2.5,14.9,0.4,0,0,0,2.1,0,0.2,2.3,0.9,0,0,2.1,0,0,0.6,0,0,0.2,0,0,0,0,0.2,1.5,0,1.5,0,0,0,0,0,0,0,0,0,0,0,0,0,0,0.2,0.2,0,0,0,0,0.2,0.2,0,0,0,0,0.6,0,0.2,0,0,0,0,0,0,0,0,0,0,0,0,0,0,0,0,0,0,0,0,0,3.6,0.2,0.4,0,0,0,0,0.4,0,0,0.2,0.9,0.8,0,0,0,0,0,0,0,0,0,0,0,0,0,0,0,0.9,0.4,0,0,0,0,1.5,0.2,0,0,0,0.2,0,40096.2,20484,53027.28261,0.446692054,139545.4805,1.712768902
54,200,38,4.1,2.4,0.8,5.9,11.8,0,0,0,1.2,1.2,0,0,0.8,0,0,0.2,0,0,0.2,0.4,0,0,0,2.8,0,0,0.2,0,0,0,0,0,0,0,0,0,0.4,2,1.6,9.6,0,0,0,0,1,0,0,2.8,0,1,0,0,0.8,0,0,1.2,0,1.2,4.1,10.4,0,0,0,0,1.8,0,0.2,2.2,1,0,0,0.4,0,0.2,0,0,0.2,0.2,0,0,0,0.2,0,3,0,1.8,0,0,0,0,0,0,0,0,0,0,0.6,0,0,0,0,0.8,0,0,0,0.4,0.8,1.6,0,0,1,0,0.2,0,0.8,0,0,0,0,0,0,0,0,0,0,0,0,0,0,0,0,0,0,0,0,0,6.1,0,0.2,0,0,0,0,0,0,0,0.2,1.4,0.2,0,0,0,0,0,0.6,0,1.6,0,0,0,0,0,0,0,2.2,0,1,0.2,0,0,1.2,0.2,0,0,0,0,0,59902.7,30602.4,101435.1603,1.963999212,191387.0948,2.755672717
71,236,54,12.1,2.7,1.3,3.7,25.4,0,0.2,0,0,0.2,0,0.2,0,0,0,0,0,0,0,0.2,0,0,0,1,0.4,0,0.2,0,0,0.4,0,0.2,1,0,0,0.4,0,1.3,0.6,8.3,0.4,0,0.4,0,0,0,0,4.4,0,0.6,0,0,0.6,0,0,1.9,0,0.6,1.2,9.4,0.6,0,0,0.2,0.8,0,0,0.8,0.6,0,0,1.9,0,0,0.2,0,0,0.6,0,0,0,0,0,4.6,0,1,0,0,0,0,0,0,0,0,0,0,0.4,0,0,0,0,0.6,0.2,0,0,0,0,0,0,0,0,0,1.2,0,0,0,0,0,0,0,0,0,0,0.2,0.2,0,0,0,0,0,0,0,0,0,0,0.4,2.1,0,0.2,0,0,0,0,0.8,0,0,0,1.5,0.4,0,0,0,0,0,0,0,0,0,0,0,0.4,0,0,0,0.2,0.8,0,0,0,0,0.2,0,0,0,0,0,0,36153.2,18469.6,46908.75,0.254911424,113033.1325,1.179416897
87,274,71,8.6,0.8,2.3,6.9,4.8,0,0,0,2.1,1.5,0,0,0,0,0,0,0,0,0,0.6,0,0,0,1,0,0,0.4,0,0,0,0,0,0,0,0,0.2,0,1.5,0.2,10.1,0.2,0,0.6,0,0,0,0,5.3,0,0.8,0,0,0.2,0,0,0,0,0,2.5,17.9,0.6,0,0,0,1.1,0,0,2.3,1,0,0,3,0,0,0.2,0,0,0.6,0,0,0,0,0,6.3,0,1.5,0,0,0,0,0,0,0,0,0,0,0.4,0.2,0,0,0,0.4,0.6,0,0,0,0,0,0,0,0.4,0,0.2,0,0,0.4,0,0,0,0.2,0,0,0,0,0.2,0,0,0.2,0,0,0,0,0,0,0,0,4,0.6,0,0,0,0,0,1,0,0,0.2,0.6,2.3,0.6,0.2,0,0,0,0.2,0.4,0.2,0,0,0,0,0,0,0,0.4,0.2,0,0,0,0.2,1,0.4,0,0,0,0,0,30086.2,15370.1,39488.15678,0.022318719,90258.64407,0.72125985
120,349,108,10.9,0.6,2.3,6.7,4,0,0,0,1,0,0,0,0,0,0,0,0,0,0,0.2,0,0.4,0,0,0,0,0.6,0,0,0,0,0,0,0,0,0,0.2,5.2,0.2,5.9,0,0,0,0.4,0.4,0,0,6.7,0,0.4,0,0,0,0,0,1.1,0,0.8,6.3,11.5,0.4,0.2,0,0,1.1,0.4,0,6.5,0.8,0,0,0.8,0,0,0.4,0,0,0.2,0,0,0,0.2,0,2.5,0,1.7,0.6,0,0,0,0,0,0,0,0,0,0.4,0,0,0,0,2.1,0,0.2,0,0,0,0.2,0,0,0.6,0,0.8,0,0,0.2,0,0,0,0,0,0,0,0,0.2,0,0,0.4,0,0,0.2,0,0,0,0,0,8.4,0.6,0,0,0,0,0,0.4,0,0,0,0.8,0.8,0.2,0,0,0,0,0,0,0,0,0,0,0,0,0,0,1.1,0.4,0.2,0,0,0,0,0,0,0,0.2,0.4,0,48497.8,24776,63289.58333,0.768355864,129824.7863,1.51721656
137,386,128,9.5,0.8,1.4,7.7,1.4,0,0,0,0,0,0,0.2,0,0.2,0,0,0,0,0,0,0,0,0,0.4,0,0,0.2,0,0,0.2,0,0,0,0.6,0,0,0,8.1,0.2,6.5,0.4,0,0,0,0.4,0,0,6.7,0,0.2,0,0,0,0.2,0,0.2,0,0.2,18.6,6.9,0.2,0.6,0,1,1.2,0,0,6.1,0.4,0,0,1.4,0,0,0.4,0,0,0,0,0,0,0,0,1,0,1.4,0,0,0,0.2,0,0,0,0,0,0,0.2,0.4,0,0,0.2,1.6,0,0,0,0.2,0.2,0.6,0,0,0.2,0,0.2,0,0.4,0,0,0,0,1.2,0,0,0,0,0.2,0,0,0,0,0,0.2,0,0,0,0,0,2.4,0,0.2,0,0,0,0,0.6,0,0,0,0.8,0.4,0.4,0,0,0,0,0.2,0,0.2,0,0,0,0,0,0,0,2,0.8,0,0,0,0,0.8,0,0,0,0,0.2,0,119333.9,60964.1,147675.6944,3.413372675,285363.6608,4.646210281
153,424,149,11.6,0.4,1.2,6.5,1.8,0,0,0,2,0.6,0,0,0.4,0,0,0,0,0.2,0,0.6,0,0,0,0.2,0,0,0.4,0,0,0,0,0,0,0,0,0,0,2.5,0,16.3,0,0,0.6,0,0,0,0,7.1,0,0,0.2,0,0.2,0,0,1,0,0,5.7,10.2,0.8,0,0,0.2,2.9,0,0,3.3,0.2,0,0,1,0,0,0.2,0,0,0,0,0,0,0,0,2,0,0.8,0,0,0,0,0,0,0,0,0,0,0,0,0,0.4,0,0.8,0.4,0,0,0,0,0.2,0,0,0.8,0,1.2,0,0,0.2,0,0,0,0.2,0,0,0,0,0,0,0,0.2,0,0,0,0,0,0,0,0.2,2.4,0.2,1,0,0,0,0,0.4,0,0,0,3.5,2.7,1.4,0,0.4,0,0,0,0,0,0,0,0,0.2,0,0,0,1.6,0.4,0,0,0,0,0,0.4,0,0,0,0.2,0,24882.9,12711.9,31725.72464,-0.22098866,57946.52902,0.071233254
170,462,171,31.6,0.8,6.2,9.3,1.6,0,0,0,0.6,0,0,0,0,0,0,0,0,0,0,0.2,0,0.2,0,0.4,0,0,1,0,0,0,0,0,0.4,0.2,0,0.2,0.2,1.4,1.6,4.8,0,0,0,0,0,0,0,6.6,0,0.2,0,0,0.2,0.2,0,1.4,0,0.2,6.6,4.4,0.4,0,0.2,0,2,0,0,2,0.2,0,0,1.8,0,0.2,0,0,0,0,0,0,0,0,0,1,0,0.8,0,0,0,0,0,0,0,0,0,0,0.2,0,0.2,0.4,0,2.2,0.2,0,0,0,0,0.2,0,0,0.2,0,0.4,0,0,0.2,0,0,0,0.8,0,0,0,0.2,0.2,0.2,0,0,0,0,0,0,0,0,0,0,0,0,0,0,0,0,0,1,0,0,0,0.4,0.4,0.4,0,0.2,0,0,0,0,0,0,0,0,0,0,0,0,2.2,0,0,0,0,0,1,0,0,0,0,0,0,21802.8,11138.4,21933.58904,-0.52791551,47067.78764,-0.147615658
213,521,197,27.6,1.2,5,6.8,1.4,0,0,0,0.8,0.2,0,0,0,0,0,0,0,0,0,0.4,0,0,0,0.4,0,0,0.2,0,0,0,0,0,0.4,0,0,0,0.4,1.8,1,6.8,0.4,0,0.2,0,0,0,0,7.4,0,0,0,0,0.2,0,0,0.6,0,0.8,7.4,7.4,0.8,0,0,0.2,1.8,0,0,1.8,0.6,0,0,2.4,0,0,0,0,0,0,0,0,0,0,0,1,0,0,0,0,0,0,0,0,0,0,0,0,0,0,0,0.2,0,1.4,0,0,0,0.2,0,0.2,0,0,0,0,0.4,0,0,0.2,0,0,0,1,0,0,0,0,0,0.2,0,0,0,0,0,0,0,0,0,0.4,0.6,0,0.4,0,0,0,0,0.4,0,0,0,1,1.4,0.6,0,0.2,0,0,0,0,0,0,0,0,0.2,0,0,0,2.6,0.2,0,0.2,0,0,0.8,0,0,0,0,0,0.2,17893.4,4261.3,15000.63008,-0.7452237,30718.01382,-0.476525969
259,586,229,25.7,0.8,5.9,5.3,1.6,0,0,0,0.4,0.2,0,0,0,0,0,0,0,0.2,0,0,0,0,0,0.8,0,0,0.2,0.2,0,0,0,0,0,0,0,0,0,0.8,1.2,5.3,0.6,0,0.2,0,0,0,0,12.6,0.2,0.2,0,0.4,0.2,0,0,0.6,0,0,6.3,6.3,0.8,0.2,0,0.2,2.4,0,0,2.4,2.8,0,0,1.4,0,0,0,0,0,0,0,0,0,0,0,0.4,0,1,0,0,0,0,0,0,0,0,0,0,0.2,0,0,0,0,0.6,0,0,0,0,0.4,0,0,0,0.2,0,0.4,0,0.2,0.6,0,0,0,0.2,0,0,0,0,0,0,0,0,0,0,0,0,0,0,0,0.4,1.2,0,0,0,0,0,0,0.4,0,0,0,0.8,2.6,0.2,0.2,0,0,0,0,0,0,0,0,0,0,0,0,0,1,1.2,0,0.2,0,0,1.6,0.2,0,0,0,0,0,18711,4456.1,13605.56818,-0.788950827,27289.10524,-0.545505724
306,652,266,18.8,3.3,2.1,6,2.1,0,0,0,0.6,0.2,0,0.2,0,0,0,0.8,0,0.2,0,1.3,0,0.2,0,0.6,0,0,0.2,0,0.2,0,0.2,0,0.2,0,0,0,0,1.3,2.1,12.9,0.4,0,0,0,1.9,0,0,6.3,0,0.2,0,0,0,0,0,0.4,0,0.4,5,6,0.8,0,0,0,1.5,0,0,1.3,1.5,0,0,1,0,0,0.2,0,0,0.2,0,0,0,0,0,1.5,0,1.5,0,0,0,0.2,0,0,0,0,0,0,0,0,0,0,0.2,0.8,0,0,0,0,0,0.6,0,0,0.2,0,0.2,0,0.2,0,0.4,0,0,0.6,0,0,0,0.2,0.4,0.2,0,0,0,0,0,0,0,0,0,0,1.2,0,0,0,0,0,0,0.8,0,0,0,1.9,1.5,0.6,0,0,0,0,0,0,0,0,0,0,0.4,0,0,0,2.3,0.8,0.2,0,0,0,2.3,0.2,0,0,0,0.4,0,23487.6,5593.6,20395.1087,-0.576137976,30669.33638,-0.477505219
352,717,308,26.7,0.8,4.7,6.1,2.2,0,0,0,0.6,0.2,0,0,0,0,0.2,0,0,0,0,1,0,0.2,0,0.4,0,0,0.2,0,0,0,0,0,0,0,0,0.2,0.2,1,0.4,4.7,0,0,0.4,0,0.4,0,0,8.6,0,0,0,0,0.4,0,0,1.4,0,0.2,8.1,6.5,1.2,0,0,0.2,1,0,0,2,1.2,0,0,1.2,0,0,0.6,0,0,0,0,0,0,0,0,0.6,0,2,0,0,0,0,0,0,0,0,0,0,0,0,0,0,0,0,0,0.2,0,0,0,0.6,0,0,0.2,0,0.6,0,0,0.2,0,0,0,1.2,0,0,0,0.2,0.6,0,0,0,0,0,0,0,0,0,0,0.2,1.8,0,0,0,0,0,0,0.2,0,0,0,1.2,1.4,0.4,0,0,0,0,0,0,0,0,0,0,0,0,0,0,2.9,0.6,0,0,0,0,1.6,0,0,0,0,0.6,0,21064.8,5016.6,17870,-0.655285538,24257.91855,-0.606484461
398,781,354,24.4,1,4.4,6.6,1,0,0,0,0.8,0,0,0,0,0,0,0.2,0,0.2,0,0.6,0,0,0,0,0,0,0.2,0,0,0,0,0,0,0,0,0,0.2,0.8,1,9.2,0.4,0,0,0,0,0,0,8.6,0,0,0,0.2,0.2,0,0,0.2,0,0,6.6,11.2,0.4,0,0,0.2,2,0,0,1.8,0.8,0,0,1.2,0,0,0.6,0,0,0.4,0,0,0,0,0,0.8,0,2.6,0,0,0,0,0,0,0,0,0,0,0,0,0,0,0,0.4,0,0,0,0,0.4,0,0,0,0.6,0,0.6,0,0.2,0,0,0,0,0.8,0,0,0,0,0.2,0,0,0.2,0,0,0.2,0,0,0,0,0.2,1,0,0,0,0,0,0,0,0,0,0,0.8,1.8,0,0,0,0,0,0,0,0,0,0,0,0.2,0,0,0,2.8,0.4,0,0,0,0,0.2,0,0,0,0,0.4,0,28836.4,6867.4,20638.59155,-0.568506196,30160.78097,-0.487735888
490,911,456,12.9,2.4,5.2,5.1,1.1,0,0,0,0.9,0,0,0,0,0,0,0,0,0.2,0,1.1,0,0,0,0,0,0,0.2,0.2,0,0.4,0,0,0,0.6,0,0,0.2,1.1,0.4,11.4,0,0,0,0,1.5,0,0,7.5,0,0.2,0.2,0,0.4,0,0,0.2,0,0,5.8,9.9,0.9,0.4,0,0.2,1.3,0,0.2,2.2,0.6,0,0,5.2,0.2,0,0,0,0,0.2,0,0,0,0,0,1.1,0,2.2,0,0,0,0,0,0,0,0,0,0,0.2,0,0,0.2,0,0.7,0,0,0,0,0,0.2,0,0,0,0,0.6,0,0.6,0,0,0,0,0.2,0,0,0,0,0.6,0,0,0,0,0,0,0,0,0.2,0,0,3.2,0,0,0,0,0,0,0,0,0,0,0.4,1.1,0,0,0.4,0,0,0,0,0.2,0,0,0,0.2,0,0,0,3.4,0.4,0.4,0,0,0,3,0,0,0,0,0.2,0,13703.7,3263.6,10453.95,-0.887735839,13703.67978,-0.818805317
537,975,510,14.2,0.2,2.3,6.4,2.1,0,0,0.2,0.2,0,0,0,0,0.2,0,0,0,0,0,1.4,0,0,0,0.4,0,0.4,0.6,0.2,0,0,0,0,0,0.2,0,0,0.6,1.2,1.4,12.9,0,0,0.2,0,3.7,0,0,4.3,0,0,1.2,0,0.2,0.6,0,1,0,0.4,8.6,5.5,0.6,0.4,0,0.2,0.8,0,0.2,1.2,1.4,0,0,1.4,0,0.4,0,0,0,0,0,0,0,0,0,1.8,0,0.2,0,0,0,0.2,0,0,0,0,0,0,0,0,0,0,0,0,0,0,0.2,0,0,0.8,0,0,0.4,0,0.4,0,1.9,0.4,0,0,0,1.8,0,0,0,0.2,0,0,0,0,0,0,0,0,0,0,0,0.2,1,0,0,0,0,0,0,0.6,0,0,0,0.6,1.4,0,0,0.6,0,0,0.2,0,0,0.2,0,0,0,0,0,0,7.4,1.2,0.2,0,0,0,0.8,0,0,0,0,0.6,0,7774.6,1851.5,6647.294686,-1.00705248,7225.320311,-0.949131231
583,1039,566,20.2,2.1,5.6,4.6,0.2,0,0,0,2.1,0.4,0,0,0,0,0,0,0,0,0.2,0.6,0,0,0,0.4,0,0,0.2,0,0,0.4,0,0,0,0,0,0,0,1.2,1,11,0,0,0,0.2,1.3,0,0,7.3,0,0.6,0,0,0,0,0,1.7,0,0,7.1,8.3,0,0.6,0,0,0.8,0,0,2.5,1.5,0,0,2.9,0,0,0,0,0,0,0,0,0,0,0,1.3,0,0.6,0,0,0,0,0,0,0,0,0,0,0,0,0,0,0,0,0,0,0,0,0,0,0,0,0.4,0,0.6,0,0,0,0,0,0,0,0,0,0,0,0,0,0,0,0,0,0.6,0,0,1.2,0,0,1.2,0,0.4,0,0,0,0,1.2,0,0,0,0.4,0.6,0,0,0,0,0,0,0,0,0,0,0,0,0,0,0,2.7,1,0.6,0.2,0,0,1.7,0.2,0,0,0,0.4,0,14650.3,3489,12672.51634,-0.818196609,13505.34601,-0.82279522
629,1103,622,22.4,1.4,5.6,5.3,1.2,0,0,0,0.8,0,0,0,0,0,0,0,0,0.2,0,0.8,0,0,0,0.6,0,0,0,0,0,0.2,0,0,0.8,0,0,0.2,0,2.3,1.2,12.3,0,0,0.2,0.2,0.8,0,0,5.1,0,0.2,0,0,0.8,0,0,0.6,0,0.2,5.6,5.3,1.2,0,0,0.2,1.6,0,0,1,0.8,0,0,3.1,0,0,0,0,0,0,0,0,0,0,0,1,0,1.4,0,0,0,0,0,0,0,0,0,0,0,0,0,0,0,1.2,0,0,0,0,0,0.2,0,0,0.2,0,0.2,0,0,0,0,0,0,0,0,0,0,0,0.4,0,0,0,0,0,0.2,0,0,0.6,0,0,3.3,0,0.4,0,0,0,0,1.4,0,0,0,0.4,1,0,0,0.4,0,0,0,0,0,0,0,0,0,0,0,0,2.9,0.6,0.4,0,0,0,1.8,0,0,0,0,0.6,0,20329.9,4841.6,14927.9878,-0.747500615,18397.16807,-0.724385864
675,1168,679,21,1.4,5.8,1,0.8,0,0,0,0.4,0,0,0,0,0,0,0.2,0,0,0,0.2,0,0,0,0,0,0,0.4,0.4,0,0,0,0,0.4,0,0,0,0,2,0.8,3.8,0,0,0.2,0,1.4,0,0,7,0,0,0,0.8,0.2,0,0,0.6,0,0,10.6,16.2,0.4,0,0,0,0.8,0,0.2,1,0.4,0,0,5,0,0,0,0,0,0,0,0,0,0,0,0.8,0,1.6,0,0,0,0,0,0,0,0,0,0,0,0,0,0,0,0,0,0,0,0,0,0.2,0,0,0.6,0,0,0,0.2,0,0,0,0,0,0,0,0,0,0.2,0,0,0,0,0,0,0,0,0,0,0,1.2,0,0,0,0,0,0,1.2,0,0,0,0.2,0.2,0,0,1.2,0,0,0,0,0.2,0,0,0,0,0,0,0,4.4,2.2,0.2,0,0,0,0.6,0.2,0,0,0,1.2,0,50661.4,12065.1,42217.875,0.107879607,44675,-0.195751647
721,1233,735,25.5,2.9,6.3,7.4,1.1,0,0,0,1,0,0,0,0,0,0,0,0,0.2,0,1,0,0,0,0.6,0,0,0,0,0,0.8,0,0,0.2,0.2,0,0.4,0,0.8,0.2,12.5,0,0,0,0.4,1,0,0,3,0,0.2,0,0,0,0,0,1,0,0,5.7,5.1,0.2,0,0,0,1.5,0,0,1,1.5,0,0,3.2,0,0,0,0,0,0.4,0,0,0,0,0,0.4,0,1.3,0,0,0,0,0,0,0,0,0,0,0,0,0,0,0,0.6,0,0,0,0,0,0.2,0,0,0,0,0.6,0,0,0,0,0,0,0,0,0,0,0,0,0,0,0,0,0,1.1,0,0,0.2,0,0,1,0,0,0,0,0,0,1,0,0,0,0.8,1.1,0.2,0,0.6,0,0,0,0,0,0,0,0,0,0,0,0,2.7,1,0.6,0,0,0,1.5,0,0,0,0,0.4,0,13674.3,3256.6,10275.25,-0.893337052,12867.03936,-0.83563611
767,1310,791,13,2.5,2.7,7,1.5,0,0.4,0,0.2,0.6,0,0,0,0,0,0,0,0.2,0,1,0,0,0,0.4,0,0,0.2,0,0,0,0,0,0.2,0,0,0,0,2.1,1.4,4.1,0,0.2,0,0,8.1,0,0,3.7,0,0.4,0.6,0,0.6,0,0,1,0,1,8.3,7.5,0.4,0.4,0,0,3.7,0,0.2,0.8,1.7,0,0,0.6,0,0,0.2,0,0.2,0.2,0,0,0,0,0,1.7,0,1.4,0,0,0,0,0,0,0,0,0,0,0.4,0,0,0.2,0,1.5,0,0,0,0,0,0,0,0,0,0,0.8,0,0.4,0,0,0,0,2.1,0,0,0,0.2,0,0,0,0.2,0,0,0.2,0,0,0,0,0.4,1,0,0,0,0,0,0,1.2,0,0,0,0.8,1.7,0.8,0,0,0,0,0,0.2,0.4,0,0,0,0.2,0,0,0,5,1,0,0,0,0,1,0.4,0,0,0,0,0,7811.1,1860.2,4487.04287,-1.074763888,7409.795565,-0.945420121
814,1401,844,24.8,1.6,7.3,6.3,2,0,0,0,1.8,0,0,0,0,0,0,0,0,0,0,0.8,0,0.2,0,1,0,0,0.2,0,0,0.2,0,0,0,0.4,0,0,0,2.2,0.8,9.5,0,0,0.6,0,1.6,0,0,2.8,0,0,0,0,0.6,0,0,0.8,0,0,8.5,7.3,0.2,0,0,0,1.8,0,0,1,1,0,0,3.2,0,0,0.2,0,0.2,0.2,0,0,0,0,0,0.2,0,1,0,0,0,0,0,0,0,0,0,0,0,0,0,0,0,0.4,0,0,0,0,0,0.2,0,0,0,0,0.4,0,0,0,0,0,0,0,0,0,0,0.4,0.2,0,0,0,0,0,0.6,0,0,0.4,0,0,0,0,0,0,0,0,0,0,0,0,0,0.4,0.6,0,0,0.2,0,0,0,0,0,0,0,0,0,0,0,0,2.8,0.8,0.6,0,0,0,1.6,0.2,0,0,0,0,0,23046.6,5488.6,12906.11111,-0.810874763,22124.7619,-0.649397423
860,1494,896,18.8,4.3,4.9,4.5,1.6,0,0,0,0.8,0,0,0,0,0,0,0,0,0,0,0.2,0,0,0,1,0,0,0,0,0,0.2,0,0,0,0.2,0,0,0,2.4,1.2,10.9,0,0,0.2,0,2.4,0,0,6.1,0,0.2,0,0,0.8,0,0,1.6,0,0,8.3,4.7,0.2,0,0,0,1.4,0,0,1,2.4,0,0,2.2,0,0,0.2,0,0,0,0,0,0,0,0,0.6,0,1,0,0,0,0,0,0,0,0,0,0,0.2,0,0,0,0,0.2,0,0,0,0,0,0.2,0,0,0.2,0,0.4,0,0,0,0,0,0,0,0,0,0,0,0,0.4,0,0,0,0,0,0,0,1.4,0,0,0.4,0,1,0,0,0,0,0.8,0,0,0,0.4,1.2,0,0,0.4,0,0,0,0,0,0,0,0,0,0,0,0,2.4,0.4,0.2,0,0,0,3.6,0,0,0,0,1.6,0,34873.1,8305.1,19141.45224,-0.61543286,34592.98598,-0.398572701
952,1675,989,21.4,3.8,2.4,8.3,1.2,0,0,0,1,0,0,0,0,0,0,0,0,0.8,0,2,0,0,0,0.2,0,0,0.2,0,0,0,0,0,0.2,0,0,0,0.6,2,1.4,15.2,0,0,0.2,0.2,0.2,0,0,3.8,0,0.2,0,0,0,0,0,2,0,0,10.5,4,0,0.2,0,0,1,0,0,0.6,1.8,0,0,1.2,0,0.2,0,0,0,0,0,0,0,0,0,1.2,0,0.8,0,0,0,0,0,0,0,0,0,0,0,0,0,0,0,0,0,0,0,0,0,0,0,0,0,0.2,0.8,0,0,0,0.2,0,0,0.8,0,0,0,0.4,0.4,0,0,0,0,0,0,0,0,0,0,0.2,2.2,0,0,0,0,0,0,0.8,0,0,0,0.4,0.8,0.2,0,0,0,0,0,0,0,0,0,0,0.2,0,0,0,3.2,0.4,0,0,0,0,0.2,0,0,0,0,0.2,0,22395.1,5333.4,12566.11872,-0.821531559,26610.60435,-0.559155206
998,1766,1029,14.1,5.4,2.6,7.8,0.4,0,0,0.2,0.8,0.2,0,0,0,0,0.2,0.2,0,0,0,1,0,0,0,0.6,0,0,0.4,0,0.2,0,0,0,0.2,0.2,0,0,1.2,1.4,0.2,9.8,0.2,0,0.2,0,7.2,0,0,2.2,0,0,0.2,0,0.2,0,0,1.2,0,0.2,4.6,10,0.6,0,0,0,1.4,0,0.8,2,1.8,0,0,0.8,0,0,0.2,0,0,0,0,0,0,0,0,1,0,1.6,0,0,0,0,0.6,0,0,0,0,0,0,0,0,0,0,0.6,0.2,0,0.2,0.4,0,0.2,0,0,0.4,0,0.2,0.2,0,0,0,0,0,0.2,0,0,0,0,0,0,0,0,0.2,0,0.2,0,0,0.4,0,0.2,1.6,0,0,0,0,0,0,2,0,0,0,0.2,1,0.4,0,0,0,0,0.8,0.8,0,0.6,0,0,0.2,0,0,0,2.4,0,0.6,0,0,0,0,0,0,0,0,1,0,14500.2,3453.2,8023.449495,-0.963917981,19053.04629,-0.711191485
1045,1856,1065,15.6,3.6,4.2,7,1.4,0,0,0,0.6,0.2,0,0,0,0,0,0,0,0,0,1.2,0,0,0,0.4,0,0,0.4,0.6,0,0,0,0,0.2,0.2,0,0,0.2,2.6,1.4,8.4,0,0,0.6,0,1.2,0,0,3,0,0.2,0,0.8,0.4,0,0,1.2,0,0,4.6,14,0.4,0.4,0,0,1.6,0,0.2,2.8,2.2,0,0,2.2,0,0,0.2,0,0,0,0,0,0,0,0,1,0,1.4,0,0,0,0.2,0,0,0,0,0,0,0.2,0.2,0,0,0,0.6,0,0,0,0,0,0,0,0,0.2,0,0,0,0.4,0,0,0,0,0,0,0,0,0,0,0,0,0,0,0,1,0,0,0.6,0,0,1.4,0,0,0,0,0,0,2.4,0,0,0,0.8,0.4,0,0,0.2,0,0,0,0,0,0,0,0,0.2,0,0,0,2.8,0.8,0.8,0,0,0,0.2,0,0,0,0,0.2,0,40833.2,9724.5,22730.47454,-0.502937756,62752.84381,0.167922451
1091,1947,1095,19.1,3.9,4.5,6.2,1.2,0,0,0,1.4,0.8,0,0,0,0,0,0,0,0,0,2.1,0,0,0,0.2,0,0,0,0.8,0.4,0,0,0,0,0.2,0,0,0.2,1,1.4,14.8,0.6,0,0.4,0,0,0,0,2.3,0,0.6,0,0,0.2,0,0,3.1,0,0.4,5.6,7.8,0.2,0,0,0,2.1,0,0,1,1.4,0,0,1.2,0,0,0.4,0,0,0,0,0,0,0.2,0,0.6,0,0,0,0,0,0,0,0,0,0,0,0,0,0,0,0,0,0.4,0,0,0,0.4,0,0,0,0,0.2,0,0,0,0,0.2,0,0,0,1.2,0,0,0,0.2,0.2,0,0,0,0,0,0,0,0,0,0,0,1.6,0,0.2,0,0,0,0,0.8,0,0,0,0.2,2.1,1.6,0,0.4,0,0,0,0,0,0,0,0,0.2,0,0,0,2.7,1.4,0,0,0,0,0,0,0,0,0,0.2,0,47224.5,11246.6,24273.41667,-0.454575439,90572.45025,0.727572726
1114,2052,1116,24.9,5.2,4.1,4.1,0.8,0,0,0,1.2,0.4,0.2,0,0,0,0,0,0,0.4,0,1,0,0.2,0,0.6,0,0,0.2,0,0.6,0,0,0,0,0,0,0.2,0.2,1.9,0.6,10.8,0,0,0.8,0.2,0.2,0,0,4.2,0.2,0.2,0,0.2,0.2,0,0,1.4,0,0,6.8,4.8,0.2,0,0,0.4,1.5,0,0,0.4,2.1,0,0,1,0,0,0.2,0,0,0,0,0,0,0,0,1,0,1.7,0,0,0,0,0,0,0,0,0,0,0.2,0,0,0,0,0,0,0,0,0.2,0,0.2,0,0,0,0,0.4,0,0,0.2,0,0,0,1.7,0,0,0,0,0.2,0,0,0.2,0,0,0,0,0,0,0,0,0,0.2,0,0,0,0,0,1.7,0,0,0,0.8,1.2,0.6,0,0,0,0,0,0,0,0,0,0,0.2,0,0,0,5,0.4,0,0,0,0,1.5,0,0,0,0,0.2,0,30602.2,1328,13209.93534,-0.801351629,102270.4672,0.9629031
1132,2168,1129,17.4,2.9,1.9,4.6,0.8,0,0,0,1.2,0.2,0,0,0,0,0,0.2,0,0.2,0,0.8,0,0.2,0,0.4,0,0,0,0.6,0.2,0,0,0,0.4,0.4,0,0,0,2.7,1.5,7.7,0.6,0,0.8,0,0,0,0,4.6,1,0,0,0,0,0,0,4.1,0,0,12.4,5.4,0.6,0,0,0.2,2.9,0,0,0.8,1.7,0,0,1.9,0,0,0,0,0,0,0,0,0,0,0.2,0.8,0,1.7,0,0,0,0,0,0,0,0,0,0,0,0,0,0,0,0.2,0,0,0,0,0,0.4,0,0,0.2,0,0.4,0,0,0.2,0,0,0,1.7,0,0,0,0.2,0.2,0,0,0,0,0,0,0,0,0,0,0.2,1.7,0,0,0,0,0,0,1.2,0,0,0,0.8,1.9,1.2,0,0,0,0,0,0,0,0,0,0,0.4,0,0,0,3.9,1.2,0.2,0,0,0,0,0,0,0,0,0,0,30961.9,1343.7,13339.39972,-0.797293669,135654.9124,1.634501887
1150,2282,1143,25.2,2.4,4.9,6,1.1,0,0,0,0.8,0.2,0,0,0,0,0,0.2,0,0,0,2.1,0,0,0,0.5,0,0,0,0,0,0,0,0,0,0,0,0,1.8,1.5,0.8,6.5,0,0,0.8,0.2,5.2,0,0,2.1,0,0.2,0,0,0.6,0.3,0,1.3,0,0,5,8.3,0,0,0,0,2.1,0,0,0.2,0.6,0,0,1.1,0,0,0,0,0,0.2,0,0,0,0,0,0.8,0,0.6,0,0,0,0,0,0,0,0,0,0,0,0,0,0,0,0.2,0,0,0.2,0.2,0,0.2,0,0,0.3,0,0.5,0,0.5,0,0,0,0,0.2,0,0,0,0,0,0.3,0,0,0,0,0,0,0,0.3,0,0,0.6,0,0.6,0,0,0,0,1.9,0,0,0,1,1.1,0.2,0,0,0,0,0.2,0,0,0,0,0,0.2,0,0,0,5.8,0.6,0,0,0,0,0.8,0,0,0,0,0.3,0,13685.7,593.9,7688.899793,-0.974404181,49751.70455,-0.093622988
1168,2397,1166,23.9,3.3,4,5,1,0,0,0,0.4,1.3,0,0,0,0,0,0,0,0.2,0,2.1,0,0,0,0.6,0,0,0.6,0.8,0,0,0,0,0.2,0,0,0,0,2.3,1.1,11.3,0.8,0,0.4,0.2,0,0,0,5.2,0,0.4,0,0,0.2,0,0,1.5,0,0.2,8.6,5.2,0,0,0,0,1.9,0,0,0.6,0.6,0,0,2.1,0,0,0,0,0,0,0,0,0,0,0,0.6,0,0.6,0,0,0,0,0,0,0,0,0,0,0,0,0,0.2,0,0,0,0,0.4,0.2,0,0.2,0,0,0,0,0.2,0,0,0.6,0,0,0,0.6,0,0,0,0,0.2,0,0,0,0,0,0,0,0,0,0,0,2.3,0,0,0,0,0,0,0.6,0,0,0,0.2,1.7,0.4,0.2,1,0,0,0,0,0,0,0,0,0.2,0,0,0,2.7,0.8,0.4,0,0,0,0.2,0,0.2,0,0,0,0,26635.7,1155.9,11608.73106,-0.851540128,44506.31717,-0.199145059
1172,2422,1172,25,5.7,7.2,6.6,1,0,0,0,1.4,0.2,0.2,0,0,0,0,0,0,0,0,0.6,0,0,0,0.4,0,0,0,0,0,0,0,0,0,0,0,0,0.2,1.2,2.1,9.4,0,0,1,0,0,0,0,7,0,1,0,0,0.2,0,0,4.3,0.2,0,4.9,5.9,0.6,0,0,0,2,0,0.4,1.6,2,0,0,0.8,0,0,0,0,0,0,0,0,0,0,0,0.2,0,1,0,0,0,0,0,0,0,0,0,0,0,0,0,0,0,0,0,0,0,0,0,0.2,0,0.4,0,0,0,0,0,0,0,0,0,0,0,0,0,0,0,0.2,0,0,0,0,0,0,0,0,0,0,2.9,0,0.2,0,0,0,0,0.4,0,0,0,0,1.8,0,0,0,0,0,0,0,0,0,0,0,0,0,0,0,0,0,0,0,0,0,0,0,0,0,0,0,0,23853.9,1035.2,15266.40038,-0.736893337,39825.39228,-0.293311772
1315,2472,1204,22.1,4.3,11.8,6,0.9,0.2,0,0,2,0.7,0,0,0,0,0,0,0,0,0,0.4,0,0,0,1.1,0,0,0,0,0,0,0,0,0.4,0,0,0,0,1.8,2.2,9.9,0.7,0,0.4,0,0,0,0,4.9,0,0.7,0,0,0.5,0,0,5.4,0.4,0.2,7.2,5.4,0.7,0,0,0,1.3,0,0.2,1.1,0.7,0.2,0,0.7,0,0,0.2,0,0,0,0,0,0,0,0,0.4,0,1.4,0,0,0,0,0,0,0,0,0,0,0,0,0,0,0,0,0,0,0,0,0,0,0,0,0,0,0,0,0,0,0,0,0,0,0,0,0,0,0,0,0,0,0,0.2,0,0.2,0,0,0,0,1.8,0,0,0,0,0,0,0,0,0,0,0,1.3,0,0,0,0,0,0,0,0,0,0.2,0,0,0,0,0,0,0,0,0,0,0,0,0,0,0,0,0,0,17757.6,770.6,10521.30298,-0.885624713,10943.40578,-0.874334071
1457,2527,1270,26.7,4.6,4,5.4,1.3,0,0,0,0,0.6,0,0,0,0,0,0,0,0.4,0,1.7,0,0,0,0.4,0,0,0.2,1.3,0,0,0,0,0,0,0,1.2,0.8,2.5,1.7,6.5,0.4,0,1,0,0.4,0,0,3.1,0.2,0,0.2,0,0.2,0,0,1.5,0,0,8.4,5.2,0.2,0,0,0.2,1.5,0,0,1,0.8,0,0,0.8,0,0,0.2,0,0,0,0,0,0,0,0.2,0.8,0,0.8,0,0,0,0,0,0,0,0,0,0,0,0,0,0,0,0,0,0,0,0,0,0,0,0,0,0,0,0,0.2,0,0,0,0,1.9,0,0,0,0,0,0,0,0,0,0,0,0,0,0,0,0.2,1.5,0,0,0,0,0,0,1.2,0,0,0,0.6,1,0,0,0.2,0,0,0,0,0,0,0,0,0.4,0,0,0,4.4,1.9,0,0,0,0,0.4,0,0,0,0,0,0,31591.6,1371,11756.57895,-0.846905951,7741.867604,-0.938739789
1635,2596,1393,24.8,4,2.4,4.6,0.9,0.2,0,0,2.4,0.4,0.2,0,0,0,0,0,0,0.5,0,1.1,0,0,0.2,0,0,0,0.5,0.2,0,0,0,0,0,0,0,0.2,0.2,1.3,1.1,7.1,0,0,1.1,0.2,1.3,0,0,4,0,0.2,0,0,0,0,0,0.9,0,0.7,6.6,6.2,0,0.2,0,0.4,4,0,0.2,0.9,1.1,0,0,2.2,0,0,0,0,0,0,0,0,0,0,0,2,0,1.1,0,0,0,0,0,0,0,0,0,0,0.2,0,0,0,0,0,0,0.4,0,0,0,0,0,0,0.2,0,0,0,0.5,0,0,0,0,1.1,0,0,0,0,0,0,0,0.4,0,0,0,0,0,0.2,0,0,0.4,0,0,0,0.2,0,0,1.8,0,0.2,0,0.7,2.6,0.4,0,0.2,0,0,0,0,0.2,0,0,0,0,0,0,0,4.2,0.4,0.2,0,0,0,0.4,0.2,0,0,0,0,0,34280.5,1487.7,14476.921,-0.761638952,6373.178902,-0.96627386
1991,2732,1746,15.8,4.6,2.9,4.2,1.1,0,0,0,2.4,0.7,0.2,0,0,0,0,0,0,0.7,0,1.5,0,0.4,0,0.6,0,0,0.6,0.6,0,0,0,0,0,0,0,0.2,0,2.8,0.9,13.6,0,0,1.5,0,0.4,0,0,1.8,0,0.4,0,0.2,0,0,0,3.3,0,0.2,7.7,9.7,0.2,0.6,0,0,2.9,0,0.4,2.6,1.5,0,0,0.4,0,0,0,0,0.2,0,0,0,0,0,0,0.6,0,1.8,0,0,0,0,0,0,0,0,0,0,0.2,0,0,0,0.2,0.4,0,0,0.2,0,0,0,0,0,0.2,0,0,0,0,0,0,0.2,0,0.9,0,0,0,0.2,0,0,0,0,0,0,0,0,0,0.2,0,0.2,2.6,0,0,0,0,0,0,0.4,0,0,0,0.2,2.4,0.7,0,0,0,0,0,0,0.2,0,0,0,0,0.2,0,0,0.7,0,0,0,0,0,0,0,0,0,0,0,0,89788.7,3896.6,37573.12088,-0.037706587,11872.88701,-0.855635589
2169,2800,1959,12.6,4,3,2.6,2.4,0,0,0.2,4.4,1,0,0,0,0,0,0,0,0.6,0,2.2,0.4,0,0,1,0,0,0.2,1,0,0,0,0,0.2,0,0,0,0,0.6,1,17.6,0.6,0,1.8,0.2,0.6,0,0,2.2,0,0.4,0,0,0,0,0,2.4,0,0.6,6.8,9.6,0,0,0,0.4,2,0,0.2,0.8,0.4,0,0,1.6,0,0,0,0,0,0,0,0,0,0,0,1,0,1.6,0,0,0,0,0,0,0,0,0,0,0,0,0,0,0,0,0,0,0,0,0,0.2,0,0,0.2,0,0,0,0.2,0.2,0,0,0,0.8,0,0,0,0.4,0,0,0,0,0,0,0,0,0,0,0,0,3.2,0,0,0,0,0,0,0.4,0,0,0,0.4,0.8,0,0.2,0,0,0,0,0,0,0,0,0,0.2,0,0,0,3.2,0.4,0,0,0,0,1,0,0,0,0.2,0,0,36251.7,1573.2,12972.93269,-0.808780292,4084.125426,-1.012323016
2347,2870,2186,10.1,4.4,12.9,2.2,3.6,0.2,0,0,5.2,1.4,0.4,0,0,0,0,0,0,0.6,0,0.6,0,0,0,2,0.2,0,0,0,0,0,0.2,0,0,0,0,0,0,1.8,0.4,16.3,0,0,1.2,0,0,0,0,1.6,0,0.2,0,0,0,0,0,1.8,0,0,6.5,11.5,0,0,0.2,0,1.6,0,0,1.4,1.6,0,0,0.4,0,0,0,0,0,0,0,0,0,0,0,0,0.2,0.8,0,0,0,0,0,0,0,0,0,0,0,0,0,0,0.2,0,0,0,0,0,0,0,0,0,0,0,0,0,0,0,0,0,0,0,0,0,0,0,0,0,0,0,0,0,0,0.4,0,0,0,0,2.8,0.4,0.8,0,0,0,0,0.6,0.2,0,0,0,2.6,0,0.2,0,0,0,0,0,0,0,0,0,0,0,0,0,0,0,0,0,0,0,0,0,0,0,0,0,0,51234.6,2223.4,27227.30981,-0.361987963,8257.849595,-0.928359719
2525,2943,2417,7.6,7,5.6,0.8,3,0,0,0,4.2,1,0,0,0,0,0,0,0,0.2,0,1.2,0,0,0,1.6,0,0,0.4,0,0,0,0,0,0.2,0.2,0,0,0.2,2,0.2,18,0.4,0,0.6,0,3.2,0,0,2.6,0,0,0,0.2,0,0.2,0,0.6,0,0,8,8.4,0.2,0,0,0,1,0,0,0.4,1,0,0,1.8,0,0,0,0,0,0.2,0,0,0,0,0,1.6,0,0.6,0,0,0,0,0,0,0,0,0,0,0.2,0,0,0.2,0,0,0,0,0,0,0,0.2,0,0,0,0,0.8,0,1,0,0,0,0,0.6,0,0,0,0.6,0,0.2,0,0,0,0,0,0,0,0,0,0,2.6,0,0.4,0,0,0,0,1.4,0,0,0,1,1.6,0,0,0,0,0,0.4,0,0,0,0,0,0,0,0,0,2,0,0.4,0.2,0,0,1.6,0,0,0,0,0,0,23998.2,1041.5,8553.628049,-0.947299948,2592.0085,-1.042340107
2704,3015,2646,9.3,2.8,8.7,2.4,2.8,0.2,0,0.3,3.3,1.2,0.2,0,0,0,0,0,0,0.5,0,0.2,0,0,0,1.4,0,0,0.5,0,0,0,0,0,0.3,0,0,0,0,0.9,2.2,13.1,0,0,2.2,0.2,0.2,0,0,2.4,0,0.5,0,0,0,0,0,1.9,0.2,0,4.5,13.1,2.9,0,0.2,0,2.1,0,0.3,2.6,0,0,0,0.9,0,0,0.2,0.3,0,0,0,0,0,0,0,0.5,0.2,3.5,0,0,0,0,0,0,0,0,0.2,0,0.2,0,0,0,0,0.2,0,0,0,0,0,0,0,0,0,0,0,0,0,0,0,0,0,0,0,0,0,0,0,0.2,0,0,0,0.2,0,0,0,0,0,0,4.5,0.5,0.2,0,0,0,0,0,0,0,0.2,0,4.2,0,0,0,0,0,0,0,0,0,0.3,0,0,0,0,0,0,0,0,0,0,0,0,0,0,0,0,0,0,45804.8,1987.8,26474.94163,-0.385570357,8906.125241,-0.915318282
2882,3087,2863,13.7,2.7,3.5,1.7,4.2,0,0,0,4.8,1.7,0.4,0,0,0,0,0.6,0,0.6,0,1.3,0.6,0,0,1.2,0,0,0.2,1,0,0,0,0,0.2,0,0,0,0,0.8,1,13.8,0.8,0,2.1,0.2,0,0,0,0.6,0.4,0.2,0,0,0.2,0,0,1.3,0,0.2,6.7,7.7,0.4,0,0,0,2.1,0,0,0.8,1.2,0,0,1.5,0,0,0.2,0,0,0,0,0,0,0,0,1.3,0,1.7,0,0,0,0,0,0,0,0,0,0,0.2,0,0,0,0,0,0,0,0,0.2,0,0,0,0,0,0,0,0,0,0.4,0,0,0,1,0,0,0,0.6,0.4,0,0,0,0,0,0,0,0,0,0,0.2,3.5,0,0,0,0,0,0,0.2,0,0,0,1.5,2.9,0.6,0,0,0,0,0,0,0,0,0,0,0,0,0,0,2.9,1.3,0,0,0,0,0.6,0.2,0,0,0,0,0,23422.7,1016.5,9369.089069,-0.921739959,2946.254424,-1.0352137
3060,3154,3060,15.6,2.5,8.8,7.5,2.7,0,0,0,1.2,0.2,0.2,0,0,0,0,0,0,0,0,0.6,0.2,0.2,0,0.4,0.2,0,0,0,0,0,0,0,0,0,0,0,0,1,3.1,15.8,0,0,0.6,0.2,0,0,0,3.3,0,0,0,0.2,0,0,0,2.3,0.2,0.2,6.3,9.2,0.2,0,0.2,0,0.2,0,0.4,0.8,0.6,0,0,0.6,0,0,0.2,0,0,0.2,0,0,0,0,0,0.2,0,1.3,0,0,0,0,0,0,0,0,0.2,0,0,0,0,0,0,0,0,0,0,0,0,0.2,0.2,0,0.2,0,0,0,0,0,0,0,0,0,0,0,0,0,0,0.2,0.2,0,0,0,0,0,0,0,0,0,2.9,0.4,0.6,0,0,0,0,0.4,0,0,0.6,0,6.2,0,0,0,0,0,0,0,0.4,0,0,0,0,0,0,0,0,0,0,0,0,0,0,0.2,0,0,0,0,0,41983.5,1937.7,13098.74387,-0.804836839,8225.787411,-0.929004718
3260,3277,3284,17.5,2.1,2.7,5,1.5,0,0,0.2,2.5,1,0.2,0,0,0,0,0,0,0,0,1.2,0.6,0,0,0.4,0,0,0,0,0,0,0,0,0,0.2,0,0.2,0,1,1.3,15.6,0.4,0,0.8,0.6,0.2,0,0,2.3,0.6,0,0,0.6,0.4,0,0,1.5,0,0,8.5,8.3,0,0.2,0,0,3.1,0,0,0.6,1,0,0,1.3,0,0,0.2,0,0,0,0,0,0,0,0,1.2,0,0.6,0,0,0,0,0,0,0,0,0,0,0.2,0,0,0,0,0,0,0,0,0,0,0,0,0,0,0,0,0,0,0.2,0,0,0,0.8,0,0,0,0.2,0,0,0,0,0,0,0,0,0,0,0,0,2.7,0.2,0.2,0,0,0,0,0.4,0,0,0,2.3,2.3,1,0,0,0,0,0,0,0,0,0,0,0.4,0,0,0,1.9,0.8,0,0,0,0,1.3,0,0,0,0,0,0,34150.6,1576.2,8456.339286,-0.950349389,4151.078191,-1.010976119
3431,3384,3434,32.1,2.3,7.1,3.4,12.1,0,0,0,0.9,0.4,0.4,0,0,0,0,0,0,0.5,0,0.5,0,0,0,0.6,0,0,0,0,0,0,0,0,0.1,0,0,0,0.3,0,1.5,7.7,0,0,0.9,0,0,0,0,0.8,0,0.4,0,0,0,0,0.1,4.7,0.1,0.1,8.7,3.4,0.4,0,0,0,0.6,0,0,1.4,0.6,0,0,0.9,0,0,0.1,0,0,0,0.1,0,0,0,0,0,0,4.3,0,0,0,0,0,0,0,0,0,0,0,0,0,0.1,0,0,0,0,0,0,0,0,0,0,0,0,0,0,0,0,0,0,0,0,0,0,0,0,0,0,0,0,0,0,0,0,0,0.1,0,0,0,0,0.4,0,0,0,0,0.1,0,0,0.1,0,1.6,0,0,0,0,0,0,0,0.1,0,0,0,0,0,0,0,0,0,0,0,0,0,0,0,0,0,0,0,0,18311.3,1127.3,18173.8117,-0.645762798,13503.76101,-0.822827106
3486,3445,3510,32,1.2,1.2,1.6,1.2,0,0,0,2,0.6,0,0,0,0,0,0.2,0,0.6,0,1.2,0.6,0,0.2,0.2,0,0,0.2,0,0,0,0,0,0.4,0.4,0,0.2,0,0.8,1,10.9,0,0,2,0,1.4,0,0,1.8,0,0,0.6,0.6,0.8,0,0,2,0,0,12.1,1.4,0,0,0,0,0.8,0,0,0,0.8,0,0,1.8,0,0,0,0,0,0.2,0,0,0,0,0,0.2,0,3,0,0,0,0,0,0,0,0,0,0,0,0,0,0,0,0,0,0,0,0,0,0,0,0,0,0,0,0,0,0.2,0,0,0,1.6,0,0,0,0,0,0,0,0,0,0,0,0,0,0,0,0,0.8,0,0,0,0,0,0,1,0,0,0,0.2,1.2,0.6,0,0,0,0,0,0,0,0,0,0,0.2,0,0,0,6.2,0.8,0,0,0,0,0.8,0,0,0,0,0,0,12710.4,782.5,5742.768182,-1.035404158,4590.875727,-1.002128661
3540,3503,3575,31.6,0.9,8.3,6.3,0.6,0,0,0,1.8,0.2,0.4,0,0,0,0,0,0,0.7,0,0.4,0.4,0.2,0,0.6,0,0,0,0,0,0,0,0,0.2,0,0,0,0,0.4,3.5,6.7,0,0,0.7,0,0,0,0,0.9,0,0.2,0,0.2,0.4,0,0,7,0,0,12.6,3.1,0,0,0.2,0,0.6,0,0,0.7,0.4,0,0,0.4,0,0,0,0,0,0,0,0,0,0,0,0,0,6.1,0,0,0,0,0,0,0,0.2,0.2,0,0,0,0,0,0,0,0,0,0,0.2,0,0,0,0,0,0,0,0,0,0,0,0,0,0,0,0,0,0,0.2,0,0,0,0,0,0,0,0,0,0,0,0.4,0.2,0.4,0,0,0,0,0,0,0,0,0,1.7,0,0,0,0,0,0,0,0,0,0,0,0,0,0,0,0,0,0.2,0,0,0,0,0,0,0,0,0,0,12621.3,777,9311.002657,-0.923560632,8650.424766,-0.920462238
3594,3559,3631,31.5,0.8,1.9,1.5,1.3,0.2,0,0,2.1,0,0,0,0,0,0,0.2,0,0.9,0,2.3,0.8,0,0,0.9,0,0,0.2,0.4,0,0.2,0,0,0.4,0,0,0,0,0,2.4,10.5,0.4,0,1.9,0,0.6,0,0,1.5,0.2,0,0,0.6,0.4,0,0,3.6,0,0,10.3,3,0,0,0,0,1.7,0,0,0,0.2,0,0,0.9,0,0,0.2,0,0,0.2,0,0,0,0,0,0.8,0,1.9,0,0,0,0,0,0,0,0,0,0,0,0,0,0,0,0,0,0,0,0,0,0,0,0,0,0,0.4,0,0,0,0,0,0,2.6,0,0,0,0.2,0.2,0,0,0.2,0,0,0,0,0,0,0,0,0.4,0,0.2,0,0,0,0,0.6,0,0,0,0.4,1.3,0.4,0,0,0,0,0,0,0,0,0,0,0.2,0,0,0,4.9,0.9,0,0,0,0,0.8,0,0,0,0,0,0,16100.9,991.2,7801.596195,-0.9708718,8259.630235,-0.928323898
3616,3582,3651,35.7,0.9,7.5,6.1,1.3,0,0,0,1.3,0,0.2,0,0,0,0,0,0,0.4,0,0.9,0,0,0,0.6,0,0,0,0,0,0,0.2,0.2,0.4,0,0,0.2,0,0.2,2.4,9,0,0.2,1.5,0,0.2,0,0,0.7,0.2,0.4,0,0,0.2,0,0,4.8,0,0,12.3,3.5,0.4,0,0.2,0,0.7,0,0.4,0.6,0,0,0,0.4,0,0,0,0,0,0,0,0,0,0,0,0.2,0,2.8,0,0,0,0,0,0,0,0,0,0,0,0,0,0,0,0,0,0,0,0,0,0,0,0,0,0,0,0,0,0,0,0,0,0,0,0,0,0,0,0,0,0,0,0,0,0,0,0,0,0,0.9,0,0.4,0,0,0,0,0,0,0,0,0,2,0,0,0,0,0,0,0,0,0,0,0,0,0,0,0,0,0,0,0,0,0,0,0,0,0,0,0,0,16016.2,986,11881.00792,-0.843005822,13147.99669,-0.829984058
3681,3651,3709,37.7,0.9,4.4,5.8,1.2,0,0,0.2,1.6,0,0,0,0,0,0,0,0,0.9,0,0.5,0.2,0,0,0.4,0,0,0,0,0,0,0.2,0,0,0,0,0,0.2,0.4,3.9,11.1,0,0,1.2,0.2,0,0,0,1.2,0.2,0,0,0,0.2,0,0,4.4,0,0,11.5,3.5,0,0,0,0,0.7,0,0,0.4,0,0,0,0.9,0,0,0,0,0,0,0,0,0,0,0,0,0,1.8,0,0,0,0,0,0,0,0,0,0,0,0,0,0,0,0,0,0,0,0,0,0,0,0,0.4,0,0,0,0,0,0,0,0,0,0,0,0,0,0,0,0,0,0,0,0,0,0,0,0,0,0.7,0,0.4,0,0,0,0,0,0,0.2,0,0,2.1,0,0,0,0,0,0,0,0,0,0,0,0,0,0,0,0,0,0.2,0,0,0,0.5,0,0,0,0,0,0,17846.7,1098.7,12648.74748,-0.818941625,16790.37275,-0.756709953
3703,3675,3726,28,2.4,4.5,2,2.4,0,0,0,0.8,0.2,0,0,0,0,0,0.6,0,0,0,1.8,0.6,0.2,0,0.8,0,0,0.2,0,0,0.2,0,0,0.4,0.6,0,0,1.6,0.6,0.6,9.9,0.2,0,0.6,0,6.1,0,0,0.4,0,0,0,0.6,0,0.2,0,1.2,0,0,14.6,2.8,0.2,0,0.2,0,1,0,0,0.6,0.2,0,0,1.4,0,0,0,0,0,0,0,0,0,0,0,0.4,0,2,0,0,0,0,0,0,0,0,0,0,0,0,0,0,0,0.2,0,0,0,0,0,0,0,0,0,0,0.4,0,0,0,0,0,0,0,0,0,0,0,0,0.4,0,0,0,0,0,0,0,0.4,0,0,0,0,0,0,0,0,0,0.8,0,0,0,2.4,0.8,0,0,0,0,0,0,0,0,0,0,0,0,0,0,0,2,0.8,0.6,0,0,0,0.2,0,0,0,0,0.4,0,35845.1,2206.8,16521.32075,-0.697558837,20465.60003,-0.682774976
3746,3720,3762,35.5,0.3,5.3,5.9,1.9,0,0,0,2.4,0.1,0.3,0,0,0,0,0,0,0.3,0,0.3,0,0,0,0.1,0,0,0,0,0,0,0.1,0,0.3,0,0,0,0.3,0.3,3.2,11,0,0,0.7,0.1,0,0,0,0.7,0,0,0,0.1,0.1,0,0,5,0,0.3,9.9,3.8,0,0,0.1,0,0.7,0,0.3,1.2,0.6,0,0,0.1,0,0,0,0.1,0,0,0.3,0,0,0,0,0,0,5,0,0,0.1,0,0,0,0,0,0,0,0,0,0,0,0,0,0,0,0,0,0,0,0,0,0,0,0,0,0.1,0,0,0,0,0,0,0,0,0,0.1,0,0,0,0,0,0,0,0,0,0,0,0.7,0,0.1,0,0,0,0,0.1,0,0,0,0.1,1.2,0,0,0,0,0,0,0,0,0,0,0,0,0,0,0,0,0,0,0,0,0,0,0,0,0,0,0,0,31841.9,1960.3,27025.62603,-0.368309584,36811.29539,-0.353946712
3789,3766,3797,37.7,1.1,5.3,2.7,1.1,0,0,0,1.9,0.4,0,0,0,0,0,0,0,0.4,0,1,0,0,0,0.7,0,0,0,0,0,0,0,0,0.3,0,0,0,0,0.4,4.8,12.7,0,0,1.3,0,0,0,0,0.7,0,1.3,0,0,0.1,0,0,4.7,0,0,8,4.8,0.3,0,0,0,0.7,0,0,0.1,0.6,0,0,0.4,0,0,0,0,0,0,0,0,0,0,0,0.1,0,1.9,0,0,0,0,0,0,0,0,0.1,0,0,0,0,0,0,0,0,0,0,0,0,0.1,0,0,0,0,0,0,0,0,0,0,0,0,0.1,0,0,0,0,0.1,0,0,0,0,0,0.1,0,0,0,0,0.9,0,0.6,0,0,0.1,0,0,0,0,0.1,0.1,1.4,0,0,0,0,0,0,0,0,0.1,0,0,0,0,0.1,0,0,0,0,0,0,0,0,0,0,0,0,0,0,50990.2,3139.2,48811.14085,0.314540381,59459.8615,0.101677141
3811,3788,3815,34.4,1.8,1.4,1.2,1.4,0.2,0,0,1.6,0.2,0,0,0,0,0,0,0,0.2,0,1.2,0,0,0,0.4,0,0,0.2,0,0,0,0,0,0.4,0,0,0,0,0.6,1.4,10.9,1,0,1,0,0.4,0,0,0.8,0.2,0,0,1.2,0.2,0,0,4.2,0,0,12.3,4.3,0.2,0,0,0,0.4,0,0,0.8,0.2,0,0,0.8,0,0,0,0,0,0,0,0,0,0,0,0.6,0,2,0,0,0,0,0,0,0,0,0,0,0,0,0,0,0,0,0,0,0,0,0,0.2,0,0,0,0,0.4,0,0,0,0,0,0,2.6,0,0,0,0,0,0,0,0,0,0,0,0,0,0,0,0,0.8,0,0,0,0,0,0,1,0,0,0,0.2,1.6,0.4,0,0.4,0,0,0,0,0,0,0,0,0.2,0,0,0,3,0.8,0,0,0,0,0.8,0,0,0,0,0,0,23218,1429.4,10680.2887,-0.880641429,12700.88386,-0.838978679
4078,4101,4065,16.1,1.8,2.8,1,2,0,0,0,1.2,0,0,0,0,0,0,0.4,0,0.8,0,0.6,0,0,0.2,1.4,0,0,0.6,0,0,0.2,0,0,0.2,0,0,0,0.6,0.8,0.4,17.9,0.2,0,0.8,0,0,0,0,0.8,0,0.2,0,0,0.8,0.4,0,3,0,0,27.5,5.2,0,0,0,0.2,2,0,0,0,0.2,0,0,0.2,0,0,0,0,0,0,0,0,0,0,0,0.6,0,0.6,0,0,0,0,0,0,0,0,0,0,0.2,0,0,0,0,0,0,0,0,0,0,0.2,0,0,0,0,0.2,0,0,0.4,0,0,0,0.4,0,0,0,0,0.4,0,0,0,0,0,0,0,0,0,0,0,0.6,0.2,0,0,0,0,0,1.2,0,0,0,1.4,1,0,0,0.4,0,0,0,0,0,0,0,0,0.2,0,0,0,0.2,0,0,0,0,0,1.2,0,0,0,0,0.2,0,51434,7511,23472.59907,-0.479676442,31183.40456,-0.467163649
4166,4204,4152,9.8,4.1,2.4,1.4,0.4,0,0,0,2.4,0.2,0,0,0,0,0,0,0,0,0.2,1,0,0,0,0.4,0,0,2.2,0,0,0.4,0,0,0.4,0,0,0,0.4,1.2,0,22.6,0.2,0,2,0,2,0,0,1.4,0,0,0,1,0,0,0,6.9,0,0,15.9,5.3,0.4,0,0,0,0.6,0,0.2,0,0,0,0,0.6,0,0,0.2,0,0,0,0,0,0,0,0,0.6,0,1,0,0,0,0,0,0,0,0,0,0,0,0,0,0,0,0.2,0,0,0,0,0,0,0,0,0,0,1,0,0.6,0,0,0,0,0.2,0,0,0,0.2,0,0.6,0,0.2,0,0,0,0,0,0.4,0,0.2,0.4,0,0,0,0,0,0,1.4,0,0,0,2.2,1.4,0,0,0,0,0,0.4,0.4,0,0,0,0,0,0,0,0,0.2,0.2,0.4,0,0,0,1.4,0.6,0,0,0,0,0,28856.3,4213.9,14658.98438,-0.755932318,15644.59378,-0.779759723
4270,4315,4253,15.2,0.8,4.5,1.4,1.9,0,0,0.2,2.5,0.2,0,0,0,0,0,1.2,0,0.6,0,1,0,0,0,1.2,0,0,0.2,0,0,0,0,0,0.2,0,0,0.2,0,0.2,0,16.3,1.2,0,1.9,0,0,0,0,7.8,0,0,0,0,0,0,0,1.4,0,0,20.2,4.7,0,0,0,0,1.9,0,0,0.4,0.8,0,0,0.4,0,0,0,0,0,0,0,0,0,0,0,0.8,0,1.2,0,0,0,0.2,0,0,0,0,0,0,0,0.2,0,0,0,0,0,0,0,0.2,0,0,0,0,0.2,0,0.4,0,0,0,0,0,0,0,0,0,0,0,0,0,0,0,0,0,0.4,0,0,0,0,0.4,1,0,0.8,0,0,0,0,1.4,0,0,0,0.8,1.4,0.2,0.2,0,0,0,0.2,0,0,0,0,0,0,0,0,0,0.6,0.2,0,0,0,0,1.2,0,0,0,0,0,0,70262,5285.2,25796.20968,-0.40684468,32921.32502,-0.4322017
4341,4382,4309,5.4,0.4,3.8,2,1.8,0,0,0,2.5,0.4,0.2,0,0,0,0,0,0,0.7,0,0.5,0,0,0,0.5,0,0,0,0,0,0,0,0,0,0,0,0.4,0,0.4,0.7,32.5,0,0,0.7,0.4,0.2,0,0,0.9,0.2,0,0,0,0.5,0,0,9.6,0,0,12.9,8,0.2,0,0.4,0,0.4,0,0.2,1.3,0.4,0,0,0.7,0,0,0.2,0,0,0,0.2,0,0,0,0,0.2,0,1.3,0,0,0,0,0,0,0,0,0,0,0,0,0,0.2,0,0.2,0,0,0,0,0,0.2,0,0,0,0,0,0,0.2,0,0,0,0,0,0,0,0,0,0,0,0,0,0,0.2,0,0,0,0,0,0,0.5,0,2.9,0,0,0,0,0.9,0,0,0.2,0,2.4,0,0,0,0,0,0,0,0.2,0,0,0.2,0,0,0,0.2,0,0,0,0,0,0,0.7,0,0,0,0,0,0,47100.3,3542.9,27805.76547,-0.343856722,33414.65379,-0.422277348
4412,4450,4369,8.1,0.4,1.2,0.8,1,0,0,0,3.3,0.4,0,0,0,0,0,0,0,0.8,0,0.4,0,0,0,1,0,0,0,0,0,0,0,0,0.2,0,0,0,0,0.2,0,35.6,0.2,0,0.8,0.2,0.2,0,0,1.4,0,0,0.2,0.2,0.2,0,0,10.4,0,0,14.4,4.5,0,0.4,0,0,1.6,0,0,0.6,0.6,0,0,0.4,0,0,0,0,0,0,0,0,0,0,0,0.6,0,0,0,0,0,0,0,0,0,0,0,0,0,0,0,0,0,0,0,0,0,0,0,0,0,0,0,0,0,0,0,0.6,0,0,0,0,0,0,0,0,0,0,0,0,0,0,0,0,0,0,0,0.2,1,0,0.4,0,0,0,0,1.2,0,0,0.2,0.8,2.4,0,0,0.4,0,0,0,0,0,0,0,0,0,0,0,0,1.2,0.4,0,0,0,0,0.6,0,0,0,0,0,0,108055.4,8128.1,37973.75,-0.02514918,43327.83211,-0.222852781
4695,4731,4634,10.4,1,2.7,0.4,1.6,0,0,0.2,3.3,0.6,0,0,0,0,0,0,0,0.2,0,0.4,0.2,0,0,0.6,0,0,0,0.6,0,0,0,0,0.2,0.2,0,0,0,0.8,0,16.2,0,0,0.4,0,0.2,0,0,2,0.8,0,0,0,0.4,0,0,16.2,0,0.4,12.9,7.8,0.8,0,0,0.4,1.6,0,0,0.6,1.6,0,0,0.6,0,0,0,0,0,0.4,0,0,0,0,0,0.8,0,2,0,0,0,0.2,0,0,0,0,0,0,0,0,0,0,0.4,0,0,0,0,0.2,0,0,0,0,0,0,0,0,0,0,0.2,0,0,1,0,0,0,0,0.2,0,0,0,0,0,0,0,0,0,0,0,1.2,0,0.2,0,0,0,0,0.6,0,0,0,0.2,0.6,0,0,1.2,0,0,0,0,0,0,0,0,0,0,0,0,1.8,1.2,0,0,0,0,0.8,0,0,0,0,0,0,125345.8,9428.7,43781.5,0.156890212,43134.48276,-0.226742412
4837,4869,4779,8.6,1.8,2.9,0,4.5,0,0,0,2.3,0.2,0,0,0,0.2,0,1,0,0,0,0.4,0.2,0,0,0.4,0,0,0.4,0,0,0,0,0,2.2,0,0,0,0.2,2.3,0,7.6,0.4,0,1.4,0.6,1.4,0,0,7.2,0,0,0,0.6,0,0,0,1.6,0,0,15.9,12.1,0.2,0.2,0,0.2,0.4,0,0.4,1.2,1.2,0,0,2.3,0,0,0,0,0,0.2,0,0,0,0,0,1.8,0,0.4,0,0,0,0,0,0,0,0,0,0,0.2,0,0,0,0.2,1,0,0,0,0,0,0,0,0,0,0,1.4,0,0.2,0,0,0,0,0.4,0,0,0,0,1.2,0.4,0,0,0,0,0,0,0,0.6,0,0,1.8,0,0,0,0,0,0,3.5,0,0,0,0.4,0.2,0,0,0,0,0,0,0,0,0,0,0,0,0,0,0,0.2,0,0.4,0.2,0,0,2.5,0,0,0,0,0.6,0,43750.5,3291,15968.93617,-0.714872901,15054.88932,-0.791622876
4978,5006,4930,16.9,1.6,3.6,0.4,1.6,0,0,0,2.6,0.6,0.2,0,0,0,0,0,0,0.8,0,0.8,0.2,0,0,0.4,0,0,0,0.2,0,0,0,0,0,0,0,0,0,0.6,0.8,23.6,1.4,0.2,1.8,0,0,0,0,2.2,0,0,0,0,0.2,0,0,1.4,0,0,19.4,6,0.2,0,0,0,0.6,0,0,1.4,0.2,0,0,1.2,0,0,0.4,0,0,0,0,0,0,0,0,0.6,0,0.6,0,0,0,0,0,0,0,0,0,0,0,0,0,0.2,0,0,0,0,0,0.2,0,0,0,0,0,0,0,0,0,0.2,0,0,0,0,0,0,0,0,0.2,0,0,0,0,0,0,0,0,0,0,0,0.6,0,0,0,0,0,0,1,0,0,0,0,0.6,0,0,0.4,0,0,0,0,0,0,0,0,0,0,0,0,2.8,0.6,0,0,0,0,0.4,0.2,0,0,0.2,0,0,95459.4,7180.6,37008.87574,-0.055392411,31507.22885,-0.460649238
5049,5072,5006,16.3,0.8,6.8,5.7,0.6,0,0,0,1.9,0.2,0.2,0,0,0,0,0,0,0.4,0,0.4,0.2,0,0,0.2,0,0,0,0,0,0,0.4,0,0.2,0,0,0,0,0,2.7,21.9,0,0,1.9,0,0.2,0,0,0.4,0,0,0,0,0.6,0,0,1.9,0,0,22.6,5.3,0.4,0,0,0,1,0,0.2,1,0.2,0,0,0.4,0,0,0,0,0,0,0,0,0,0,0,0,0,0.4,0,0,0,0,0,0,0,0,0,0,0,0,0,0.2,0,0,0,0,0,0,0,0,0,0,0,0,0,0,0,0,0,0,0,0.2,0,0,0,0,0.2,0,0,0,0,0.2,0,0,0,0,0,0,0.2,0.2,0.2,0,0,0,0,0,0,0,0,0.2,2.9,0,0,0,0,0,0,0,0,0,0,0,0,0,0,0,0,0,0,0.2,0,0.2,0.2,0,0,0,0,0,0,31288.1,2353.5,17632.92445,-0.662716487,16040.34712,-0.771798306
5120,5139,5083,14.8,1.5,2.6,0.9,2.2,0,0,0,1.6,0.4,0,0,0,0,0,0,0,1.6,0,1.1,0.5,0,0,1.1,0,0,0.7,0.5,0,0.4,0,0.2,0,0,0,0,0,1.5,0.5,18.4,0.2,0,2.2,0,0.2,0,0,2,0,0,0.5,1.1,0.2,0,0,1.8,0,0,20.4,4.2,0,0.4,0,0.2,1.3,0,0,0,0.4,0,0,1.5,0,0,0.2,0,0,0,0,0,0,0,0,0.4,0,0.7,0,0,0,0,0,0,0,0,0,0,0,0,0,0,0.2,0,0,0,0,0,0,0,0,0,0,0,0.7,0,0,0.4,0,0,0,0.7,0,0,0,0.9,0.7,0,0,0,0,0,0,0,0,0,0,0,1.3,0.2,0,0,0,0,0,0.5,0,0,0.2,0.7,0.9,0,0,0,0,0,0,0,0,0,0,0,0,0,0,0,2.2,0.9,0,0,0,0,0.7,0,0,0,0,0.4,0,47045.2,3538.8,18414.81707,-0.638208672,16675.77225,-0.759015385
5191,5209,5161,17.8,1,6.7,1.7,3.3,0,0,0,2.5,1,0,0,0,0,0,0,0,1,0,0.4,0.2,0,0,0.6,0,0,0,0,0,0,0.4,0.2,0.8,0,0,0,0,1.3,1.9,19.9,0,0,1.5,0.6,0,0,0,1,0,0,0.2,0.2,0.8,0,0,2.5,0.4,0,17.6,7.1,0.2,0,0.2,0,0.4,0,0,0.8,0.6,0,0,0.6,0,0,0,0,0,0,0,0,0,0,0,0,0.2,0.8,0,0,0,0,0,0,0,0,0,0,0,0,0,0,0,0,0,0,0,0,0,0,0,0,0,0,0,0,0,0,0,0,0,0,0,0,0,0,0.2,0,0,0,0.2,0,0,0,0,0,0,0,0.6,0,0.8,0,0,0,0,0,0,0,0.2,0,1.9,0,0,0,0,0,0,0,0,0,0,0,0,0,0,0,0,0,0,0,0,0.2,0,0,0,0,0,0,0,54872.9,4127.6,33050.08504,-0.179477617,27773.18071,-0.535767521
5403,5415,5391,11,1,3.3,1.3,1.5,0.2,0,0,3.1,0.4,0,0,0,0,0,0,0,0.2,0,0.6,0,0,0,0.8,0,0,0.2,0,0,0,0,0,0.2,0,0,0,0,0,1,22.5,1.2,0,2.3,0,0,0,0,5.6,0,0,0,0,0,0,0,2.1,0,0.2,16.9,6.9,0.6,0,0,0,1.3,0,0,7.3,0,0,0,1.3,0,0,0.4,0,0,0,0,0,0,0,0,0.2,0,0.8,0,0,0,0,0,0,0,0,0,0,0,0.2,0,0.2,0,0.2,0,0,0,0,0,0,0,0,0,0,0,0,0,0,0,0,0,0.4,0,0,0,0,0,0,0,0,0,0,0,0,0,0,0,0,1,0,0,0,0,0,0,0,0,0,0,0.2,1,0,0.4,0.2,0,0,0,0,0,0,0,0,0,0,0,0,1.5,0,0,0,0,0,0.6,0,0,0,0,0,0,153355.5,11535.6,53163.25,0.450953846,52532.85573,-0.037674244
5480,5492,5467,6.6,3.3,5.2,0.7,1.7,0.6,0,0,1.8,0,0.2,0,0,0,0,0,0,0.4,0,0.4,0,0,0,0,0,0,0,0,0,0,0.4,0,0.2,0,0,0,0,0.7,2.4,22.1,0,0,1.1,0.6,0,0,0,0.6,0.2,0,0,0,0.2,0,0,1.8,0.2,0,20.5,13.5,0,0,0.2,0,0.6,0,0,1.3,0.9,0,0,0,0,0,0.2,0,0,0,0,0,0,0,0,0.2,0.4,1.5,0,0,0,0,0,0,0,0,0.4,0,0.2,0,0,0,0,0,0,0,0,0,0,0,0,0,0.2,0,0,0,0.2,0,0.2,0,0,0,0,0.2,0,0,0,0,0,0,0,0,0,0.2,0.2,0,0,0.2,1.3,0.4,1.1,0,0,0,0,0.2,0,0.2,0.6,0,3.3,0,0,0,0,0,0,0,0.6,0,0.2,0,0,0,0,0,0,0,0,0,0,0,0,0,0,0,0,0,0,64554.3,3386.6,30871.91033,-0.247750804,34733.45305,-0.395746909
5562,5576,5543,3.4,2.4,2.4,1.2,2,0,0,0,1.8,0.2,0,0,0,0,0,0.4,0,0,0,1.4,0.2,0,0,0.4,0,0,0.4,0.2,0,0.4,0,0,1,0,0,0,0,0.4,0,13.5,1,0,1.4,0,0.2,0,0,4.4,0,0,0.4,0.8,0,0.2,0,1.6,0,0,16.3,18.9,0.4,0,0.2,0,1.2,0,0,0.6,0.6,0,0,2,0,0,0,0,0,0,0,0,0,0,0,4,0,0.8,0,0,0,0,0,0,0,0,0,0,0.2,0,0,0,0,0.4,0,0,0,0,0,0,0,0,0.4,0,0.6,0,0.4,0,0,0,0,0,0,0,0,0.2,0.2,0.2,0,0,0,0,0,0,0,0.4,0,0.2,1.2,0,0,0,0,0,0,2,0,0,0.2,2,0.6,0.4,0,0,0,0,0,0.6,0,0,0,0,0,0,0,0,0.8,0.4,0.2,0,0,0,1.6,0.2,0,0,0,0.2,0,65724.7,3448,19446.76471,-0.605863079,21850.29742,-0.654918857
5758,5776,5725,2.2,0.3,5.4,0.5,1.2,0,0,0,1,0.2,0.2,0,0,0,0,0,0,0.2,0,0.7,0,0,0,0.3,0,0,0.2,0,0,0,1.4,0,0.2,0,0,0.2,0,0.2,1.2,37,0,0,2.9,0,0,0,0,1,0,0,0,0,1.9,0,0,4.5,0,0,14.5,14.7,0,0,0.9,0,0.5,0,0,0.5,0.2,0,0,0.2,0,0,0.2,0.2,0,0,0,0,0,0,0,0,0,0.7,0,0.2,0,0,0,0.2,0,0,0.2,0,0,0,0,0,0,0,0,0,0,0,0,0,0,0,0,0,0,0,0,0,0,0,0,0,0,0,0,0,0,0,0,0,0,0,0,0.2,0,0,0,0,0.3,0.2,0.7,0,0,0,0,0.2,0,0,0,0.2,1.9,0,0,0,0,0,0,0,0,0,0.2,0,0,0.2,0,0,0,0,0,0,0,0,0,0,0,0,0,0,0,21693.9,1138.1,11063.79573,-0.868620701,12189.53515,-0.849265541
5889,5908,5850,4.2,0.8,4.8,0.2,1,0,0,0,1,0.6,0,0,0,0,0,0,0,0,0,1.4,0,0,0,1.8,0,0,0.2,0.6,0,0,0,0,0.6,0,0,0,0,0.4,0.6,16.6,0.8,0,2.8,0,0,0,0,0.6,0,0.2,0,0,0.2,0,0.8,1.8,0,0.2,27,10.6,0,0,0,0,1,0,0,1,0.8,0,0,1.2,0,0,0,0,0,0,0,0,0,0,0,1.2,0,0.8,0,0,0,0,0,0,0,0,0,0,0.4,0,0,0.4,0.2,0,0,0,0,0,0,0,0,0,0,0,0.4,0,0,0,0,0,0,1,0,0,0,0.2,0.2,0,0,0,0,0,0,0,0,0,0,0,1,0,0,0,0,0,0,0.8,0,0,0,4.4,2.4,0,0,0,0,0,0,0.2,0,0,0,0,0.2,0,0,0,1.4,0.2,0,0,0,0,0,0,0,0,0.8,0,0,48815.6,2560.9,15254.87805,-0.737254496,15428.44809,-0.784107951
5971,5988,5930,3.6,1.1,5.9,1.1,1.7,0.2,0,0,1.7,0.8,0.3,0.2,0,0,0,0,0,0,0,0.3,0,0,0,0,0,0,0,0,0.2,0,0.3,0,0.3,0,0,0,0,1.6,1.7,14.1,0,0,3.4,0.2,0,0,0,1.7,0,0,0,0,0.2,0,0,2.7,0,0,23.8,8.6,0,0,0.8,0.2,0.8,0.2,0.5,4.4,1.6,0,0,0.8,0,0,0.2,0,0,0,0,0,0.2,0,0,0.8,0,1.1,0,0,0,0,0,0,0,0,0.6,0,0.2,0,0,0.2,0,0,0,0,0,0,0,0,0,0,0,0,0,0,0,0,0,0,0,0,0,0,0,0,0.2,0,0,0,0,0.2,0,0,0,0,0,0,0.6,0.2,0.5,0,0,0,0,0.2,0,0,0.2,0.2,9.2,0,0,0,0,0,0,0,0,0,0.8,0,0,0,0,0,0.2,0,0,0,0,0,0.2,0,0,0,0,0,0,51034.2,2677.3,28819.06023,-0.312095788,30373.46707,-0.483457257
6053,6072,6011,5.4,2.3,1.8,0,0.8,0,0,0.2,1,0.8,0,0,0,0,0,0,0,0,0,0.3,0,0,0,0.3,0,0,0.2,0.5,0,0,0,0,0.2,0,0,0,0,0.7,0.3,22.3,0,0,2.7,0.2,0.3,0,0,0.8,0,0,0,0,0,0,0,2.5,0,0.2,28.1,7.7,0.2,0,0,0.3,1,0,0,3.7,0.8,0,0,0.3,0.2,0,0.3,0,0,0,0,0,0,0,0,0.2,0,0.7,0,0,0,0,0,0,0,0,0,0,0,0,0,0,0.2,0.5,0,0,0,0,0,0.2,0,0,0.2,0,0,0,0,0,0,0,0,0.8,0,0,0,0.2,0,0,0,0.3,0,0,0,0,0,0.5,0,0.2,1.2,0,0.2,0,0,0,0,0.3,0,0,0.3,1.8,3.5,0.5,0,0,0,0,0,0,0,0,0,0,0,0,0,0,1.3,0.3,0,0,0,0,0,0,0,0,0,0,0,142481.1,7474.8,50036,0.352932635,51521.01757,-0.058029511
6135,6155,6095,4.6,0.4,4.8,0.9,2.1,0,0,0.2,1.8,0.2,0,0,0,0,0,0,0,0,0,0.7,0,0,0,0.4,0,0,0,0,0,0,0.4,0,0.5,0,0,0,0,0.4,1.2,20,0,0,2.3,0.4,0,0,0,0.5,0,0,0,0,1.2,0,0,3.2,0,0,20.7,12.3,0.2,0,0.5,0,0.5,0.2,0.4,3,0.9,0,0,0.7,0,0,0.2,0.5,0,0,0,0,0,0,0,0.2,0,1.4,0,0,0,0,0,0,0,0,0,0,0,0,0,0,0,0.2,0,0,0,0,0,0,0,0,0,0,0,0,0.2,0,0,0,0.2,0,0.2,0,0,0.4,0,0,0,0,0,0.2,0,0,0,0,0,0,1.1,0.2,0.7,0,0,0,0,0.2,0,0,0.2,0,8.2,0,0,0,0,0,0,0,0,0,0,0,0,0,0,0.4,0,0,0,0,0,0,0,0,0,0,0,0,0,110263.1,5784.6,54579.80265,0.495354584,54740.80501,0.00674333
6216,6240,6180,4.7,1.6,2.3,0,0.6,0,0,0,0.6,0.6,0.4,0,0,0,0,0,0,0.2,0,0,0,0,0.2,0,0,0,0.2,0.6,0,0,0,0,0,0.2,0,0,0,1.2,0.4,5.8,0.2,0,1.4,0,0,0,0,0.6,0,0,0,0,0.2,0,0,1.2,0,0.6,57.4,6,0,0,0,0,0,0,0,3.3,0.2,0,0,1.2,0,0,0.4,0,0,0,0,0,0,0,0,0.8,0,1,0,0,0,0,0,0,0,0,0,0,0,0,0,0,0,0.8,0,0,0,0,0,0.2,0,0,0.2,0,0,0,0,0.2,0,0,0,1.4,0,0,0,0.6,0,0,0,0.2,0,0,0,0,0,0.2,0,0,0.4,0,0,0,0,0,0,0,0,0,0,0,0,0,0,0.2,0,0,0,0,0,0,0,0,0,0,0,0,1,0,0,0,0,0,0,0,0,0,0,0,0,189046.2,9917.7,57422.78017,0.584465496,52651.25976,-0.035292297
6298,6322,6269,1.5,0.4,4.4,0.6,1.3,0,0,0,0.6,0.6,0,0,0,0,0,0,0,0.2,0,0.6,0,0,0,0.4,0,0,0,0,0,0,0.6,0.2,0.6,0,0,0.2,0,0.4,2.5,32.8,0,0,1.3,0,0,0,0.2,1.3,0,0,0,0.2,1.1,0,0,5.9,0.4,0,18.9,12.2,0.2,0,0.4,0,0.8,0,0,0.8,0.6,0.2,0,0,0,0,0.2,0.2,0,0,0.2,0,0,0,0,0.2,0,1.1,0,0,0,0,0,0,0,0,0,0,0,0,0,0,0,0,0,0,0,0,0,0,0,0.2,0.2,0,0,0,0,0,0,0,0,0,0,0,0.2,0,0,0,0,0,0,0,0,0,0,0,0,0,0.8,0,0.4,0,0,0.2,0,0,0.2,0,0,0,2.7,0,0,0,0,0,0,0,0,0,0,0,0,0,0,0.2,0,0,0,0,0,0,0,0,0,0,0,0,0.2,84707.9,4443.9,37800.58178,-0.030577003,33600.51714,-0.418538313
6380,6404,6360,1.4,1.6,3,0.2,1.6,0,0,0,1.4,0,0,0,0,0,0,0.2,0,0,0,0.8,0,0,0,0.8,0,0,0.6,0.2,0.2,0.2,0,0,0.8,0,0,0,0.4,0.4,0.8,26.8,0,0,1.4,0,0.2,0,0,1.2,0,0,0,1,0.4,0,0,1.2,0,0.2,15.7,9.1,0,0,0,0,1.6,0,0,0.6,0.4,0,0,0.4,0,0,0,0,0,0,0,0,0,0,0,3.4,0,1.6,0,0,0,0,0,0,0,0,0,0,0.8,0.2,0,0,0.2,0,0,0,0,0,0,0.2,0,0,0,0,0,0,0.2,0.2,0,0,0,0.2,0,0,0,0.2,0.4,0.2,0,0.2,0,0,0,0,0,0.4,0,0,1.6,0,0,0,0,0,0,2.6,0,0,0.2,6.3,2.6,0,0.2,0,0,0,0.2,0.2,0.2,0,0,0,0.4,0,0,0,0.6,0.2,0,0,0,0.2,1.4,0.2,0,0,0,0,0,45942.4,2410.2,14471.8484,-0.761797949,12435.53032,-0.844316827
6568,6586,6556,4,1.8,2,0.6,0.4,0,0,0,0.8,0.4,0,0,0,0,0,0,0,0,0,1.4,0,0,0,0.4,0,0,0,0.8,0,0,0,0.2,0.4,0,0,0,0,0.8,0.4,20.9,0,0,2.4,0,0,0,0,1.6,0,0,0,0,0.4,0,0,3.2,0,0.4,33.6,9.9,0,0.2,0,0.2,0.4,0,0.2,1.4,1,0,0,0,0,0,0,0,0.2,0,0,0,0,0,0,0.4,0,1.4,0,0,0,0,0,0,0,0,0,0,0,0,0,0,0,0.2,0,0,0,0,0,0,0,0,0,0,0.4,0,0,0,0,0,0,0.6,0,0,0,0.2,0,0,0,0,0,0,0,0,0,0,0,0,1.6,0,0,0,0,0,0,0.6,0,0,0,0.2,1.2,0.8,0,0,0,0,0,0,0,0,0,0,0,0,0,0,1.2,0.2,0.4,0,0,0,0.2,0,0.2,0,0,0,0,126830.8,7460.6,28998.13636,-0.306482787,28303.41615,-0.525100713
6814,6806,6807,4.4,0.6,3.2,0.6,2.5,0,0,0.2,0,0.6,0,0,0,0,0,0,0,0,0,0.6,0,0,0,0,0,0,0.2,0.6,0,0,0,0,0.6,0,0,0,0,1.5,0,12,0,0,1.1,0.2,0.2,0,0,1.5,0,0,0,0,0,0,0,0.4,0,0,31,9.1,0,0,0,0,0.2,0,0,11.2,0.2,0,0,1.1,0,0,0,0,0.4,0,0,0,0,0,0,1.7,0,2.9,0,0,0,0,0,0,0,0,0,0,1.1,0,0,0,0,0.8,0,0,0,0,0,0,0,0,0,0,0,0,0,0,0,0,0,0.6,0,0,0,0.8,0,0,0,0,0,0,0,0,0,0,0,0,1.3,0,0,0,0,0,0,1.1,0,0,0,1,1,0.6,0,0,0,0,0,0,0,0,0,0,0,0,0,0,2.3,0.8,0,0,0,0,0,0,0,0,0,0,0,97472.7,5733.7,23260.53719,-0.486323356,18876.12756,-0.71475058
7182,7139,7199,0.4,0.2,1.1,0,0.4,0,0,0,0.2,0,0,0,0,0,0,0,0,0,0,0,0.2,0,0,0,0,0,0.4,0,0,0,0,0,0.4,0,0,0,0,3.2,0.2,6.5,0.2,0,0.6,0,0,0.2,0,0,0,0,0,0.4,0,0,0,2.6,0,0,46.3,7.6,0,0,0,0.4,0.4,0,0.2,11.8,1.1,0,0,0.6,0,0,0.6,0,0,0.4,0,0,0,0,0,1.3,0,3,0,0,0,0,0,0,0,0,0,0,0.6,0,0,0.4,0.2,3.2,0,0,0,0,0,0,0,0,0,0,0.4,0,0,0.2,0,0.4,0,0,0,0,0,0.2,0,0,0,0,0,0,0,0,0,0,0,0.2,0.9,0,0,0,0,0,0,0.2,0,0,0,1.5,1.1,0,0,0,0,0,0,0,0,0,0,0,0,0,0.2,0,0,0,0,0,0,0,0,0,0,0,0,0,0,515767,30339.2,125659.5955,2.723295232,122649.1171,1.372862784
7343,7281,7338,1.8,0,4.1,0.2,1.6,0.2,0,0,0.4,0.2,0,0,0,0,0,0,0,0.2,0,0.7,0,0,0,0.2,0,0,0,0,0,0,0.5,0.2,0.9,0,0,0,0,0.4,0.9,18.5,0,0,1.6,0,0,0,0,0.5,0,0,0,0.2,0.7,0,0,2.3,0,0,9.5,24.6,0,0.2,0.4,0,0.4,0,0,9.5,2.5,0.2,0,0.2,0,0,0.2,0,0,0,0,0,0,0,0,0.5,0.4,5.2,0,0,0,0,0,0,0.2,0,0.5,0.2,0,0.2,0,0,0,0.4,0,0,0,0,0,0.2,0,0,0,0,0,0,0.2,0,0,0,0,0.2,0,0,0,0,0,0.2,0,0,0.2,0,0,0,0,0,0,0,1.8,0,0.4,0,0,0,0,1.8,0,0,0.2,0.4,2.7,0,0,0,0.2,0,0,0,0,0,0.4,0,0,0,0,0,0,0,0,0,0,0,0,0,0,0,0,0,0,204554.3,13821.2,106814.8308,2.132620786,99189.62812,0.900925501
7452,7405,7471,3.7,2,1.8,0.2,2.6,0,0,0,0.8,0,0,0,0,0,0,0.2,0,0,0,0.4,0,0,0,0,0,0,0.2,0,0,0,0,0.2,0.8,0,0,0,0,1.2,0.6,8.7,0,0,2.2,0.4,0.4,0,0,3.3,0,0,0,0.6,0.2,0,0,0.8,0,0,25.8,15,0,0.2,0,0,1,0,0,6.9,1.6,0,0,1.2,0,0,0.2,0,0,0.6,0,0,0,0,0,4.5,0,1.8,0,0,0,0,0.6,0,0,0,0,0,0.6,0.2,0,0,0,0,0,0,0,0,0,0,0,0,0,0,0.6,0,0,0,0,0,0,0,0,0,0,0.2,0.2,0,0,0.2,0,0,0,0,0,1.2,0,0,1.4,0,0.6,0,0,0,0,1.4,0,0,0.4,0.4,0.4,0,0,0,0,0,0.4,0.2,0,0,0,0,0,0,0,0,0.4,0,0,0,0,0,0.6,0,0,0,0,0.4,0,176765.3,11943.6,64140.53571,0.795028302,57086.30006,0.053927928
7466,7419,7487,2,0.2,5.3,0,2.3,0.2,0,0,0.8,0.2,0,0,0,0,0,0,0,0.3,0,1.2,0,0,0,0,0,0,0,0,0.2,0,0.2,0.2,0.7,0,0,0,0,1.7,1.3,13.9,0,0,2.6,0,0,0,0,0.3,0,0,0,0,0.7,0.2,0,1.8,0,0,18.5,25.8,0.2,0,0.7,0,0.5,0,0,5.3,2.5,0,0.2,0.2,0,0,0,0.2,0,0,0,0,0,0,0,0.5,0,2.5,0,0,0,0,0,0,0,0,0.7,0,0,0.2,0,0.2,0,0.2,0,0,0,0,0,0,0,0,0.2,0,0.2,0,0,0,0,0,0,0.5,0,0,0,0,0,0,0,0,0,0,0,0,0.3,0,0,0.2,1.7,0,0.5,0,0,0,0,0,0,0.2,0.2,0.2,1.8,0,0,0,0,0,0,0,0,0,0,0,0,0,0,0,0,0,0,0,0,0,0,0,0,0,0,0,0,153930.2,10400.7,99614.05297,1.906918023,90032.06853,0.716701804
7480,7433,7502,1.8,0,3.7,0.3,2.9,0,0,0,1.1,0.2,0.2,0,0,0,0,0,0,0,0,0.3,0,0,0,0,0,0,0,0,0,0,0.2,0,0,0,0,0,0,2.1,0.3,11,0,0,2.1,0,0.2,0,0,1,0,0,0,0,0.3,0,0,0.6,0,0.2,25.8,23.1,0.2,0,0.6,0,0.5,0,0,8.6,2.7,0,0,0.6,0,0,0,0.2,0,0.2,0.2,0,0,0,0,0.2,0,1.8,0,0,0,0,0,0,0,0,0.6,0.3,0.2,0,0.2,0,0,0.3,0,0,0,0,0,0,0,0,0,0,0,0,0,0,0,0,0,0,0,0,0,0,0,0,0,0,0,0.2,0,0,0,0,0,0,1.8,0,0.2,0.2,0,0,0.2,0.5,0,0,0.2,0.5,1.5,0,0.3,0,0,0,0,0,0,0,0,0,0,0,0,0,0,0,0,0,0,0,0,0,0,0,0,0,0,83693.6,5655,51805.91544,0.408409253,50956.63814,-0.069383198
7493,7448,7518,1.1,0.2,5,0.2,2.4,0,0,0,1.1,0.2,0,0,0,0,0,0,0,0,0,1.7,0,0,0,0,0,0,0,0,0,0,0,0.2,0.2,0,0,0.4,0,2.2,0.6,5.7,0,0,3.1,0,0,0.2,0,0.4,0,0,0,0,0.2,0,0,0,0,0,42.1,15.8,0.2,0,0.2,0,0.6,0,0.2,2.8,5.7,0,0,0.4,0,0,0.2,0.2,0,0,0,0,0,0,0,0.2,0.2,0.9,0,0,0,0,0,0,0,0,0.4,0.2,0,0,0,0.4,0,0.4,0,0,0,0,0,0,0,0,0.2,0,0,0,0,0,0,0,0,0,0,0,0,0,0,0.2,0,0,0,0,0,0,0,0,0,0,1.1,0,0.2,0.2,0,0,0.2,0,0,0,0,0.7,1.5,0,0,0,0,0,0,0,0,0,0,0,0,0,0,0,0,0,0,0,0,0,0,0,0,0,0,0,0,140747.6,9510,82035.10245,1.355919535,76566.09562,0.445805252
7507,7462,7533,1.7,0.2,5.6,0.2,2.4,0,0,0,0.7,0.8,0,0,0,0,0,0,0,0,0,0.5,0,0,0,0,0,0,1,0,0,0,0.2,0.2,0.3,0,0,0.2,0,2.2,1.5,11.2,0,0,2.5,0.5,0,0.2,0,0.3,0,0,0,0,0,0,0,0.7,0,0,36.9,18.4,0.2,0,0.7,0,1,0,0,2.4,2.7,0,0,0.3,0,0,0,0,0,0,0,0.2,0,0,0,0.2,0,0.2,0,0,0,0,0,0,0,0,0.2,0.2,0,0,0,0.2,0,0.3,0,0,0,0,0,0,0.2,0,0,0,0,0,0,0,0,0,0,0.2,0,0,0,0,0,0,0,0,0,0,0,0,0.2,0,0,0,0.2,0,0.2,0,0,0,0,0.3,0,0,0.2,0.5,0.7,0,0,0,0,0,0,0,0,0,0,0,0,0,0.2,0.3,0,0,0,0,0,0,0,0,0,0,0,0,0,104003.5,7027.3,65855.95724,0.848796851,62549.75586,0.163836907
7521,7476,7547,1.4,0.2,7,0.2,3.3,0,0,0,0.9,0.2,0,0,0,0,0,0,0,0.2,0,0.4,0,0,0,0,0.2,0,0.5,0,0,0,0,0.2,0.5,0,0.2,0,0,0.9,1.1,10.5,0,0,2.8,0,0,0.2,0,0.9,0,0,0,0,0.5,0.2,0,0.4,0,0,40.5,15.8,0,0,0.4,0,0.5,0,0.2,1.6,2.3,0,0,0.4,0,0,0.2,0.2,0,0,0,0.2,0,0,0,0.2,0.2,0.4,0,0,0,0,0,0,0,0,0.5,0,0,0,0,0.2,0,0.2,0,0,0,0,0,0,0,0.2,0,0,0,0,0,0,0,0,0,0.2,0,0,0,0,0,0,0,0,0,0,0,0,0,0,0,0,1.1,0,0.2,0,0,0,0,0.2,0,0,0,1.2,0.5,0,0,0,0,0,0,0,0,0,0,0,0,0,0,0,0,0,0.2,0,0,0,0,0,0,0,0,0,0,133678.4,9032.3,76329.78051,1.17709067,79180.27024,0.498394909
7534,7491,7562,1.4,0.4,4.9,0.2,3.7,0.2,0,0,1,0.2,0,0,0,0,0,0,0,0.2,0,0.8,0,0,0,0,0,0,0.2,0,0,0,0.2,0,0.6,0,0,0,0,1.8,0.6,11.2,0,0,2,0,0,0.2,0,1.4,0,0,0,0,0.2,0,0,0.2,0,0,36.1,21.2,0,0,0.2,0,0.4,0,0.2,1.6,2.5,0,0,0.8,0,0,0.2,0,0,0,0,0,0,0,0,0,0,0.8,0,0,0,0,0,0,0,0,1,0.4,0,0,0,0,0,0.2,0,0,0,0,0,0,0,0,0,0,0,0,0,0,0,0,0,0,0,0,0,0,0.4,0,0,0,0,0,0,0,0,0,0,0,0.8,0,0.2,0,0,0,0,0.6,0,0,0,1,0.2,0,0,0,0,0,0,0,0,0,0,0,0,0,0,0,0,0,0,0,0,0,0,0,0,0,0,0,0,205050.4,13854.8,104574.8896,2.062411577,110622.2386,1.130916662
7548,7506,7576,0.8,0.4,5.4,0.2,3.4,0,0,0,0.8,0.2,0.2,0,0,0,0,0,0,0,0,0.4,0,0,0,0.2,0.2,0,0.4,0,0,0,0.2,0,1.3,0,0,0,0,1.1,0.8,12.8,0,0,2.3,0.2,0,0,0,0.6,0,0,0,0,1.1,0,0,0.6,0,0,34.3,22,0.6,0,0.2,0,0.4,0,0,0.8,1.7,0,0,0.2,0,0,0,0,0,0,0,0,0,0,0,0.2,0,0.4,0,0,0,0,0,0,0,0,0.6,0,0,0,0,0,0,0,0,0,0,0,0,0,0,0,0,0,0,0,0.2,0,0,0,0,0,0,0,0,0,0.2,0.2,0,0,0,0,0,0,0.2,0,0,0,0.2,0,0.2,0.6,0,0,0.2,0.4,0,0,0.2,1.3,0.9,0,0,0,0,0,0,0,0,0.2,0,0,0,0,0,0.2,0,0,0,0,0.2,0,0,0,0,0,0,0,0,134315,9075.3,71589.2994,1.028503988,77310.25853,0.460775665
7562,7521,7590,1.2,0,5.2,0.2,1.8,0.2,0,0,1,0.4,0,0,0,0,0,0,0,0,0,0.8,0,0,0,0.4,0,0,0,0,0.2,0,0.2,0.2,0.6,0,0,0.2,0,1,0.6,13.6,0.2,0,2,0,0,0,0,1,0,0,0,0,0.6,0,0,0.2,0,0,34.7,25.9,0,0,0.2,0,0.4,0,0,0.8,1.2,0,0,0,0,0,0,0.2,0,0,0,0,0,0,0,0.2,0,0.2,0,0,0,0,0,0,0,0,0.2,0,0,0,0,0.2,0,0.4,0,0,0,0,0,0.2,0,0,0,0,0,0,0,0,0,0.2,0,0.2,0,0,0,0,0.2,0,0,0,0,0,0,0,0,0,0,0,0.2,0,0,0.2,0,0.2,0,0.2,0,0,0,0.8,0.8,0,0,0,0,0,0,0,0,0,0,0,0,0.2,0,0,0,0,0,0,0,0,0,0,0,0,0,0,0,88124.5,5954.4,47114.75478,0.261368483,48536.17123,-0.118076014
7575,7535,7603,1.7,0.2,5.3,0,3.4,0,0,0,1.3,0,0.2,0,0,0,0,0,0,0.6,0,1.1,0.6,0,0,0.2,0,0,0,0,0,0,0.2,0.2,0.4,0,0,0,0,0.2,0.6,10.3,0,0,3.6,0,0.2,0,0,0.4,0,0,0,0,0.9,0,0,0,0,0,38.2,23.3,0,0,0,0,1.1,0,0,0.2,1.3,0,0,0.2,0,0,0,0,0,0,0,0,0,0,0,0,0,0.4,0,0,0,0,0,0,0,0,0.9,0,0,0,0.2,0,0,0,0,0,0,0,0,0,0,0,0,0,0,0,0,0,0,0,0,0.2,0,0,0,0,0.2,0,0,0,0,0,0,0,0.2,0,0,0,0.4,0,0,0.2,0,0,0,0,0,0,0,0.2,0.6,0,0,0,0,0,0,0,0,0,0,0,0,0,0.2,0,0,0,0,0,0,0,0,0,0,0,0,0,0,135866.6,9180.2,63585.06216,0.777617417,71820.47684,0.350337085
7589,7550,7617,1.2,0,1.2,0,2.9,0,0,0,0.4,0,0,0,0,0,0,0,0,0,0,0.6,0,0,0,1,0,0,0,0.4,0,0,0,0.2,1.5,0.2,0,0,0.2,1.7,0.4,4.2,0,0,1.7,0.2,0,0,0,2.3,0,0,0,0,0,0,0,0.2,0,0,48.8,12.5,0,0,0.2,0,1.3,0,0,0.6,1,0,0,1.2,0.4,0,0,0,0,0,0,0,0,0,0,2.5,0,2.1,0,0,0,0,0,0,0,0,0,0,0.2,0,0,0,0,1.5,0,0,0,0,0,0.2,0,0,0.6,0,0.2,0,0.2,0,0,0,0,0,0,0,0,0,0,0.2,0,0,0.6,0,0,0,0,0.6,0,0,0,0,0,0,0,0,0,0.2,0,0,0,0.6,1,0,0,0,0,0,0,0,0,0,0,0,0,0,0,0,0.8,0.6,0.2,0,0,0,1.3,0.2,0,0,0,0,0,229732.6,15522.5,85329.25,1.459172019,92247.83784,0.761276694
7603,7564,7630,2.4,0,5.7,0,2.8,0,0,0,0.3,0,0.2,0,0,0,0,0,0,0.2,0,0.3,0,0,0,0.2,0,0,0,0,0.2,0,0.5,0.2,0.9,0,0,0,0,0.7,0.3,6.9,0,0,2.6,0,0,0,0,1,0,0,0,0,0.3,0.2,0,0,0,0.2,31.7,33.6,0,0.2,0.2,0,0.5,0,0,1.7,0.7,0,0,0.2,0,0,0,0,0,0,0,0.2,0,0,0.2,0,0,0.5,0,0,0,0,0,0,0,0,0.3,0.2,0,0,0,0,0,0,0,0,0,0,0,0,0,0,0,0,0,0,0,0,0,0,0,0.3,0,0,0,0,0.3,0.2,0,0,0,0,0,0,0.2,0,0,0,0.2,0.2,0.3,0.3,0,0,0,0.2,0,0,0,0.5,1,0,0,0,0,0,0,0,0,0,0,0,0,0,0,0,0,0,0,0,0,0,0,0,0,0,0,0,0,124853.7,8436.1,72164.84726,1.046544087,85774.38264,0.631049439
7616,7579,7642,1.3,0.2,5.2,0.5,3.4,0.2,0,0,0.7,0.5,0,0,0,0,0,0,0,0,0,0.5,0.2,0,0,0.3,0,0,0,0,0,0,0.2,0.2,0.2,0,0,0,0,0.8,0.2,5.9,0,0,1.5,0,0,0,0,0.7,0,0,0,0.2,0.7,0,0,0,0,0,31.8,38.4,0.2,0,0.3,0,0.8,0,0,0.3,1.1,0,0,0.2,0,0,0,0,0,0,0,0,0,0,0,0,0,0.5,0,0,0,0,0,0,0,0,0.5,0.2,0,0,0,0.2,0,0,0,0,0,0,0,0.2,0,0.2,0,0,0,0,0,0,0,0,0,0.2,0,0,0,0,0,0,0,0,0.2,0,0,0,0.2,0,0.2,0,0,0,0,0.2,0,0,0,0,0,0,0.3,0,0.7,0,0,0,0,0,0,0,0,0,0,0,0,0,0,0.2,0,0,0,0,0,0.2,0,0,0,0,0,0,0,77938.4,5266.1,51271.93903,0.391672179,58453.35068,0.081429045
7630,7593,7655,0.7,0.2,5.1,0,3.3,0.2,0,0,0.4,0.9,0,0,0,0,0,0,0,0,0,1.6,0.2,0,0,0.4,0,0,0,0,0,0,0,0.2,0.4,0,0,0,0,0.7,0.4,5.4,0,0,2.3,0,0.2,0,0,1.1,0,0,0,0,0.4,0,0,0.4,0,0,30.5,38.2,0.7,0,0,0,1.2,0,0,0.4,0,0,0,0.2,0,0,0,0.2,0,0,0,0,0,0,0,0,0,0.7,0,0,0,0,0,0.2,0,0,0.4,0.2,0.2,0.2,0,0.2,0,0,0,0,0,0,0,0.2,0,0,0,0,0.2,0,0,0,0,0,0,0,0,0,0,0,0,0,0.2,0,0,0,0,0,0.2,0,0,0,0,0,0.4,0,0,0,0,0.4,0,0,0.2,0.2,0.7,0,0,0,0,0,0,0,0,0,0,0,0,0,0,0.2,0,0,0,0,0,0,0,0,0,0,0,0,0,47259.4,3193.2,26984.88004,-0.369586735,33929.01933,-0.411929796
7644,7608,7666,2,1,2.5,0,2.5,0,0,0.2,0.4,0.4,0,0,0,0,0,0,0,0.2,0,0.2,0,0,0,0.2,0,0,0.4,1.4,0,0,0,0.4,0,0,0,0,0.2,0.8,0.4,3.3,0,0.4,0.8,0.4,0.2,0,0,0.4,0.2,0,0,0,0,0,0,0,0,0,39.8,35.3,0,0,0,0.2,0.4,0,0,0.4,0.8,0,0,0.4,0,0,0,0,0,0,0,0,0,0,0,0.6,0,0,0,0,0,0,0,0,0,0,0,0,0.2,0,0,0,0,0.2,0,0,0,0,0,0,0,0,0,0,0,0,0,0,0,0,0,0,0,0,0,0,0,0,0,0.4,0,0,0,0,0,0,0,0,0.4,0,0,0.2,0,0,0,0.2,0,0,0,0.6,0.4,0,0,0.2,0,0,0,0,0,0,0,0,0,0,0,0,0.6,0,0,0,0,0,0,0,0,0,0,0,0,209709.7,14169.6,76394.25,1.179111416,92439.02334,0.765122795
7657,7622,7678,0.8,0.6,1.7,0,1.9,0,0,0,0.4,0,0,0,0,0,0,0,0,0,0,0.4,0,0,0,0,0,0,0,0,0,0,0,0,0.2,0,0,0,0,0.8,0,5.9,0,0,1.7,0,0,0,0,4.4,0,0,0.2,0,0,0,0,0,0,0,44.9,26.2,0,0,0.6,0,1,0,0,0.8,1,0,0,0.6,0,0,0,0,0,0,0,0,0,0,0.2,0.4,0,0,0,0,0,0,0,0,0,0,0,0,0.4,0,0,0,0.2,0.2,0,0,0,0,0,0,0,0,0,0,0,0,0,0.2,0,0,0,0.2,0,0,0,0.2,0,0.2,0,0,0,0,0,0,0,0,0,0,0.4,0,0,0,0.2,0,0,1.1,0,0,0,0,0,0,0,0,0,0.2,0,0,0,0,0,0,0,0,0,0,1.5,0,0,0,0,0,0.8,0,0,0,0,0,0,152200.8,10283.8,57184,0.576981118,71480,0.343487672
7671,7636,7689,1.4,0.2,1.2,0,1.9,0,0,0,0.6,0,0,0,0,0,0,0,0,0.4,0,0.4,0,0,0.2,0,0,0,0.4,1.2,0.2,0,0,0.2,0.4,0,0,0,0,1.4,0,4.6,0,0,1.5,0,0,0,0,1.9,0.2,0,0,0.6,0,0,0,0.4,0,0,51.4,19.1,0.2,0,0,0,0.8,0,0,1.2,0.8,0,0,0.6,0,0,0.2,0,0,0,0,0,0,0,0,0.4,0,0.2,0,0,0,0,0,0,0,0,0,0,0.2,0,0,0,0.2,1,0,0,0,0,0,0,0,0,0,0,0,0,0,0,0,0,0,0.6,0,0,0,0.2,0.2,0,0,0.2,0,0,0,0,0,0,0,0,0.4,0,0,0,0,0,0,1.4,0,0,0,0.2,0.4,0,0.2,0,0,0,0,0,0.4,0,0,0,0,0,0,0,0.4,0.2,0,0,0,0,0.2,0,0,0,0,0,0,83591.5,5648.1,28866.92308,-0.310595565,40055.85996,-0.288675427
7685,7651,7700,1,0.6,1,0.2,1.9,0,0,0,1,0,0,0,0,0,0,0,0,0,0,0.2,0,0,0,0.4,0,0,0,0.4,0.4,0,0,0,0.4,0,0,0,0,0.2,0,5.3,0,0,2.9,0,0,0,0,3.2,0,0,0,0.4,0.2,0,0,0.2,0,0,52.5,17.5,0.4,0.4,0,0,1,0,0,0.6,0.4,0,0,0.4,0,0,0,0,0,0,0,0,0,0,0,0.2,0,0,0,0,0,0,0,0,0,0,0,0,0.6,0,0,0,0,1.3,0,0,0,0,0,0,0,0,0,0,0.4,0,0.2,0,0,0,0,0,0,0,0,0,0,0,0,0,0,0,0,0,0,0,0,0,0.6,0,0,0,0,0,0,1.5,0,0,0,0.6,0.6,0,0.2,0,0,0,0,0,0.2,0,0,0,0,0,0,0,0.2,0.2,0,0,0,0,0.8,0,0,0,0,0,0,166469.6,11247.9,62545,0.74501748,84033.58925,0.596029695
7698,7665,7710,0.8,0.4,1.7,0,1.9,0,0,0,0.2,0.2,0,0,0,0,0,0,0,0,0,0,0,0,0.2,0.2,0,0,0,1,0,0,0,0.2,0.6,0,0,0,0,1.3,0.2,7.7,0,0,1.5,0,0.2,0,0,1.3,0.2,0,0,0,0,0,0,0.2,0,0,56.3,17.1,0.4,0,0,0,0.4,0,0,0.6,0,0,0,0.4,0,0,0,0,0,0,0,0,0,0,0,0.4,0,0.2,0,0,0,0,0,0,0,0,0,0,0,0,0,0,0,0.6,0,0,0,0,0,0,0,0,0,0,0,0,0,0,0,0,0,0.6,0,0,0,0,0.4,0,0,0,0,0,0,0,0,0,0,0,0,0,0,0,0,0,0,0.6,0,0,0.2,0,0.4,0,0,0,0,0,0,0,0,0,0,0,0,0,0,0,1.3,0,0.2,0,0,0,0,0,0,0,0,0,0,129118.5,8724.2,47866.07143,0.284917917,66878.74251,0.250923637
7712,7679,7720,1.4,0,1.2,0,2.1,0,0,0,0.2,0.4,0,0,0,0,0,0,0,0,0,0.2,0,0,0,0,0,0,0,0.4,0.4,0,0,0,0.4,0,0,0,0,0.8,0.2,4.1,0,0,1.4,0,0,0,0,4.1,0,0,0,0,0,0,0,0,0,0.2,54.7,20.5,1,0.2,0,0.2,0,0,0.2,0.6,0.4,0,0.2,0,0,0,0,0,0,0,0,0,0,0,0,0.8,0,0.2,0,0,0,0,0,0,0,0,0,0,0.4,0.2,0,0,0,0.4,0,0,0,0,0,0,0,0,0,0,0.2,0,0,0,0,0,0,0,0,0,0,0,0,0,0,0,0,0,0,0,0,0,0,0,0.4,0,0,0,0,0,0,0.2,0,0,0,0,0.4,0.2,0,0,0,0,0,0,0,0,0,0,0,0,0,0,1,0.2,0.2,0,0,0,0,0,0,0,0,0,0,229657.4,15517.4,83989,1.417162929,122356.5036,1.366976244
7726,7693,7730,1,0,2.2,0,2.6,0,0,0,0.4,0.2,0,0,0,0,0,0,0,0,0,0.8,0,0,0,0.4,0,0,0.4,0,0,0,0,0.4,0.6,0.2,0,0,0,1.6,0,2.2,0,0,2,0,0,0,0,2.4,0,0,0,0.2,0,0,0,0.2,0,0,59.6,12.5,0.2,0,0,0,0.2,0,0,0.2,0,0,0,0,0,0,0,0,0,0,0,0,0,0,0,1.6,0,0.2,0,0,0,0,0.2,0,0,0,0,0,0,0,0,0,0,1.4,0,0,0,0,0,0,0,0,0,0,0.2,0,0,0.2,0,0,0,0.2,0,0,0,0,0.6,0,0,0,0,0,0.2,0,0,0.2,0,0,0.4,0,0,0,0,0,0,1.8,0,0,0,0,0,0,0,0.4,0,0,0,0,0,0,0,0,0,0,0,0,0,0,1.6,0,0,0,0.6,0,0,0,0,0,0,60824.8,4109.8,27924.13131,-0.340146637,33423.87861,-0.422091771
7739,7704,7739,1.7,0.8,0.8,0,2.5,0,0,0.2,1,0.2,0,0,0,0,0.2,0,0,0,0,0.6,0,0,0,0,0,0,0.2,0.2,0,0,0,0.2,0.2,0,0,0,0,0.4,0,4.6,0,0,0.8,0.2,0,0,0,1.2,0,0,0,0,0,0,0,0.2,0,0,60.9,13.9,0.2,0.4,0,0,0,0,0,0.4,0.2,0,0,0.6,0,0,0,0,0,0,0,0,0,0,0,0.6,0,0.2,0,0,0,0,0,0,0,0,0,0,0,0,0,0,0,1,0,0,0,0,0,0,0,0,0,0,0,0,0,0.2,0,0,0,0,0,0,0,0,0.2,0,0,0,0,0,0,0,0,0,0,0,0,0,0,0,0,0,0,1,0,0,0.4,0.2,0.2,0,0,0,0,0.2,0,0.2,0.2,0,0,0,0,0,0,0,1.9,0,0,0.2,0,0,0,0,0,0.8,0,0,0,169367.5,13752.1,87563,1.52918717,98941.24294,0.895928707
7747,7714,7748,1.4,0,1.6,0,0.9,0,0,0,0.5,0.4,0,0,0,0,0,0,0,0.2,0,0.2,0,0,0,0,0,0,0.2,0.2,0,0,0,0.2,0,0,0,0,0,0.2,0.4,5.2,0,0.2,2.4,0,0,0,0,2.7,0,0,0,0,0.2,0,0,0,0,0,55.3,22.2,0,0,0,0,0.4,0,0,0,1.1,0,0,0.2,0,0,0,0,0,0,0,0,0,0,0,0.4,0,0.4,0,0,0,0,0,0,0,0,0,0,0,0,0,0,0,1.3,0,0,0,0,0,0,0,0,0.2,0,0,0,0.2,0,0,0,0,0.7,0,0,0,0,0,0,0,0,0,0,0,0,0,0,0,0,0.4,0,0,0,0,0,0,0,0,0,0,0,0,0,0.2,0,0,0,0,0,0,0,0,0,0,0,0,0,0.2,0,0,0,0,0,0,0,0,0,0,0,0,73919.8,6002,40877.625,0.065870516,47532.12209,-0.138274587
7754,7724,7757,0.7,0.5,1.3,0.2,0.4,0,0,0.2,0.5,0,0,0,0,0,0,0,0,0,0,1.5,0,0,0,0.4,0,0,0.4,0.2,0,0,0,0,0.5,0,0,0,0,1.1,0,6.9,0.4,0,0.9,0,0,0,0,5.7,0.2,0,0,0,0,0,0,0,0,0,41.1,28.5,0,0.2,0,0,0.4,0,0,0.5,0.5,0,0,0.5,0,0,0,0,0,0,0,0,0,0,0,0.4,0,0,0,0,0,0,0,0,0,0,0,0,0.5,0,0,0.5,0,0.7,0,0,0,0,0,0,0,0,0,0,0,0,0,0,0,0,0,0.5,0,0,0,0.4,0,0,0,0.2,0,0,0,0,0,0,0,0,0.2,0,0,0,0,0,0,0.7,0,0,0,0.4,0.2,0,0,0,0,0,0,0.4,0,0,0,0,0,0,0,0,0.9,0,0,0,0,0,0.4,0,0,0,0,0,0,26508.4,2152.4,14526.58065,-0.760082409,17355.53243,-0.74534057
7762,7734,7765,1.3,0.2,0.5,0,1.4,0,0,0,0,0.2,0,0,0,0,0,0,0,0,0,0.2,0,0,0,0.2,0.2,0,0,0,0,0,0,0,0.2,0,0,0,0,1.1,0,3.6,0,0,0.2,0,0,0,0,0.9,0.2,0,0,0,0,0,0,0.2,0,0,59.9,3.6,1.1,0,0,0.2,0,0,0,0.5,0.9,0,0,0.5,0,0,0,0,0,0,0,0,0,0,0,0.2,0,0,0,0,0,0,0,0,0,0,0,0,0,0,0,0,0,20,0,0,0,0,0,0,0,0,0,0,0,0,0,0,0,0,0,0,0,0,0,0,0.4,0,0,0,0,0,0,0,0,0,0,0,0.4,0,0,0,0,0,0,0.2,0,0,0,0.2,0.2,0.2,0,0.4,0,0,0,0,0.5,0,0,0,0,0,0,0,0.4,0,0,0,0,0,0,0,0,0,0,0,0,142656.3,11583.2,79744.875,1.284134142,97846.47239,0.87390508
7770,7744,7773,0,0.2,0.8,0,1,0,0,0,0,0,0,0,0,0,0,0.2,0,0,0,0,0,0,0,0,0,0,0,0,0,0,0,0,0,0,0,0,0,1,0,1.9,0,0,0.6,0,0,0,0,1.4,0,0,0,0,0,0,0,0,0,0,73.3,1.9,0.6,0,0,0,0,0,0,0.8,1.5,0,0,0,0,0,0,0,0,0,0,0,0,0,0,0,0,0.2,0,0,0,0,0,0,0,0,0,0,0.2,0,0,0,0,11,0,0,0,0,0,0.4,0,0,0,0,0,0,0.2,0,0,0,0,0.2,0,0,0,0,1.2,0,0,0,0,0,0,0,0,0,0,0,0,0,0,0,0,0,0,0,0,0,0,0,0.6,0,0,0,0,0,0,0.2,0,0,0,0,0,0,0,0,0.6,0.2,0,0,0,0,0,0,0,0,0,0,0,223519,18149,128399.2593,2.809167857,145540.7221,1.833375877
7777,7753,7781,0.2,0,0.8,0.2,1.5,0,0,0,0,0,0,0,0,0,0,0,0,0,0,0,0,0,0,0,0,0,0,0.2,0,0,0,0,0.4,0,0,0,0,0.4,0,3.4,0,0,0.2,0,0,0,0,0.6,0.4,0,0,0,0,0,0,0,0,0,71.1,2.5,1.9,0,0,0,0.4,0,0,0.6,1.5,0,0,0.2,0,0,0,0,0,0,0,0,0,0,0,0,0,0.8,0,0,0,0,0,0,0,0,0,0,0,0,0,0,0,7.5,0,0,0,0,0,1.1,0,0,0,0,0.6,0,0,0.2,0,0,0,0.2,0,0,0,0,0.8,0,0,0,0,0,0,0,0,0,0,0,0,0,0,0.2,0,0,0,0,0,0,0,0,0.6,0,0,0.4,0,0,0,0,0.2,0,0,0,0,0,0,0,1,0.2,0,0,0,0,0,0,0,0,0,0,0,204497,16604.5,118835.5,2.509399283,138002.5161,1.681728906
7808,7788,7811,1.4,0,0.6,0,0,0,0,0,0,0,0,0,0,0,0,0.2,0,0,0,0,0,0,0,0.2,0,0,0,0,0,0,0,0,0,0,0,0,0.4,0.8,0,0,0,0,0,0,0,0,0,1,0,0,0,0,0,0,0,0,0,0,58.2,3.8,1,0,0.8,0,0.2,0,0,0.8,2,0,0,0.6,0,0,0,0,0,0,0,0,0,0,0,0.2,0,0,0,0,0,0,0,0,0,0,0,0,0,0,0,0,0,27.8,0,0,0,0,0,0,0,0,0,0,0,0,0,0,0,0,0,0,0,0,0,0,0,0,0,0,0,0,0,0,0,0,0,0,0,0,0,0,0,0,0,0,0,0,0,0,0,0,0,0,0,0,0,0,0,0,0,0,0,0,0,0,0,0,0,0,0,0,0,0,0,0,0,0,0,228289.3,18536.3,126827.3611,2.759897934,160540.9634,2.135137486
7883,7878,7878,0.2,0,0.4,0,0.4,0,0,0,0.2,0.2,0,0,0,0,0,0,0,0,0,0,0,0,0,0,0,0,0,0,0,0,0,0,0,0,0,0,0.2,0.4,0,0,0,0,0,0,0.2,0,0,0.2,0,0,0,0,0,0,0,0,0,0,65.9,2.3,0,0,0,0,0,0,0,0.8,3.1,0,0,0,0,0,0,0,0,0,0,0,0,0,0,0.4,0,0,0,0,0,0,0,0,0,0,0,0,0,0,0,0,0,20.9,0,0,0,0,0,3.1,0,0,0,0,0,0,0.2,0,0,0,0,0,0,0,0,0,0,0,0,0,0,0,0,0,0,0,0,0,0.2,0,0,0,0,0,0,0.2,0,0,0,0,0,0,0,0,0,0,0,0,0,0,0,0,0,0,0,0,0,0,0,0,0,0,0,0.4,0,0,0,0,0,37302,3028.8,19061.33333,-0.617944125,26040.07286,-0.570632655
7959,7981,7952,0.8,0,0,0,0,0,0,0,0,0,0,0,0,0,0,0,0,0,0,0,0,0,0,0,0,0,0,0,0,0,0,0,0,0,0,0,0,0.2,0,0,0,0,0,0,0,0,0,3.6,0,0,0,0,0,0,0,0,0,0,65.6,3,2,0,0,0,0,0,0,3,0.4,0,0,1.4,0,0,0,0,0,0,0,0,0,0,0,0,0,0.2,0,0,0,0,0,0,0,0,0,0,0,0,0,0,0,19.6,0,0,0,0,0,0,0,0,0,0,0,0,0,0,0,0,0,0,0,0,0,0,0,0,0,0,0,0,0,0,0,0,0,0,0,0,0,0,0,0,0,0,0,0,0,0,0,0,0,0,0,0,0,0,0,0,0,0,0,0,0,0,0,0,0,0,0,0,0,0,0,0,0,0,0,25181.2,2044.6,11308.64141,-0.860946204,16993.86005,-0.752616375