Age,Age_bacon,Age_clam20,Quercus ilex-type,Quercus suber-type,Quercus pubescens-type,Olea europaea,Pinus,Abies,Acer,Alnus glutinosa-type,Alnus viridis-type,Betula,Carpinus betulus,Castanea sativa,Ceratonia siliqua,Elaeagnus,Fagus,Ficus carica,Fraxinus ornus,Fraxinus oxycarpa-type,Hedera,Juglans regia,Loranthus europaeus,Morus,Ostrya carpinifolia-type,Populus,Prunus-type,Salix,Styrax,Taxus baccata,Tilia,Ulmus,Arbutus,Buxus,Chamaerops humilis,Cistus albidus-type,Cistus monspeliensis-type,Cornus sanguinea,Corylus,Ephedra,Genista-type,Juniperus-type,Myrtus communis,Nerium oleander,Phillyrea,Pistacia,Rhamnus,Rubus,Sambucus,Tamarix,Thymelaea,Vitis,Erica arborea-type,Poaceae,Achillea-type,Allium-type,Ambrosia,Apiaceae undiff.,Arctium,Armeria-type,Artemisia,Asparagus,Asphodelus albus-type,Asphodelus fistulosus,Asteraceae subf. Cichorioideae,Aster-type,Avena-type,Boraginaceae,Brassicaceae,Bryonia,Bupleurum,Campanulaceae,Cannabis-type,Carduus,Carlina,Carthamus,Caryophyllaceae undiff.,Centaurea cyanus,Centaurea nigra-type,Cerealia-type undiff.,Chenopodiaceae-type,Consolida-type,Convolvulus,Corrigiola litoralis,Crocus,Daucus,Echium,Eryngium,Euphorbia,Euphrasia,Fabaceae undiff.,Fagopyrum,Falcaria,Filago-type,Filipendula,Galeopsis-type,Galium-type,Gentiana,Geranium,Geum-type,Gratiola officinalis,Helianthemum,Hordeum-type,Hypericum perforatum-type,Illecebrum verticillatum,Lamiaceae undiff.,Lamium album-type,Lathyrus-type,Lavandula,Liliaceae undiff.,Linaria-type,Linum austriacum-type,Linum usitatissimum-type,Lotus-type,Lythrum salicaria-type,Mentha-type,Mercurialis,Minuartia,Onobrychis-type,Onosma,Orlaya,Papaver rhoeas-type,Paronychia-type,Pimpinella major-type,Pisum sativum,Plantago coronopus,Plantago lanceolata-type,Plantago maritima-type,Plantago media,Polygonum aviculare-type,Primula,Prunella-type,Radiola linoides,Ranunculus arvensis,Ranunculus-type,Reseda-type,Rosaceae undiff.,Rumex acetosa-type,Rumex acetosella-type,Rumex obtusifolius-type,Sanguisorba minor-type,Saxifraga,Scabiosa,Scrophulariaceae,Secale cereale,Sedum-type,Silene gallica-type,Spergula-type,Stachys-type,Teucrium,Thalictrum,Thelygonum cynocrambe,Trifolium,Triticum-type,Urtica dioica-type,Urtica pilulifera-type,Valeriana,Valerianella,Verbascum,Veronica-type,char,influx,influx_bacon,influx_bacon_z,Influx_clam20,Influx_clam20z
-61,-62,-62,1.2,0.6,0.4,1.4,4.1,0,0,0.4,0,0,0,0,0,0.2,0.2,0,0,0.6,0.2,0,0,0.2,0,0.2,0.2,0,0,0,0,0,0,0,0,0,0.4,0,0.2,0,0.2,10.1,0.2,0,0.2,5.2,0,0,0,0,0,0,2.9,41.7,0,0,0,0,0.4,0,2.1,0,0,0,0.8,0.6,0,0,2.7,0,0,0,0,0.2,0,0,0,0,0,0,14.8,0,0,0,0,0,0,0,0,0,0,0,0,0,0,0,0,0,0,0,0,0,0,0,0,0.4,0,0,0,0.2,0,0,0,1.9,0,0,0,0,0,0,0,0,0,0,0,0.2,1.9,0.2,0,0,0,0,0,0,0,0,0,0,0.4,0,0,0.4,0,0,0,0,0,0,0,0.6,0.8,0,0,0,0.6,0,0,0,0,0,224911.0909,8957.032693,13230.06417,-1.173296032,7285.749624,-1.02095906
190,139,245,1.9,0,0.2,2.6,1.9,0,0,1.7,0,0,0,0,0,0,0,0,0,0.2,0,0,0,0,0,0.2,0,0.2,0,0,0,0,0,0,0.4,0.2,1.3,0,0,0,0,15.3,0.6,0,0.6,11.6,0,0,0,0.2,0.2,0.7,4.1,18.8,0,0,0.2,0,0.2,0,3.9,0,0.2,0,7.6,0.6,0,0,1.7,0,0,0,0,0.4,0,0,0,0,0,0,6.9,0,0,0,0,0,0,0.6,0,0,0,0,0,0.7,0,0.2,0,0.4,0,0,0,0,0.4,0,0,0,0,0,0,0,0,0,0,0.7,0,0.2,0,0,0,0,0,0,0,0,0,0.6,2.8,0.6,0.4,0,0,0,0,0,0.2,0,0,0,3.7,0.2,0,0.2,0,0,0.6,0.2,0,0,0.2,0.7,0.2,0,0,1.1,0.9,0,0,0,0,0,411013.2857,16480.08363,16440.53143,-1.143419224,13493.54188,-0.984663805
438,366,546,3.1,0,1.2,1.2,0.6,0,0,0,0,0,0,0,0,0,0,0,0,0,0,0,0,0,0,0.2,0.6,0.2,0,0,0,0,0,0,0.6,0.2,1.2,0.2,0,0,0.6,6.7,0.2,0,0,13.5,0,0,0,0,0,0.2,3.7,18.2,0,0,0,0,0,0,6.7,0.2,0.2,0,6.1,0.8,0,0,2,0,0,0.2,0,1.2,0,0,0,0,0,0,12.6,0,0,0,0,0,0,0.4,0,0,0,0,0,1.4,0,0.6,0.6,0,0,0,0,0.2,0,0,0,0.2,0,0,0,0,0,0,0,1.8,0,0.2,0,0,0,0,0,0,0,0,0,0.8,3.9,0.4,0,0,0,0,0,0,0.8,0,0,0,1.8,0,0,0.6,0,0,0.2,0,0,0,0.4,2.2,0,0,0.2,1,0.4,0,0,0,0,0,165840.3409,6777.292232,8728.438995,-1.215188436,5656.218994,-1.030486477
679,579,831,3.2,0.2,1.9,4.9,0.6,0,0,0.8,0,0.2,0,0,0,0,0,0,0,0.6,0,0,0,0,0,0.8,0,0,0,0,0,0,0,0,1.9,0,0.9,0.4,0,0,0,3.2,0.8,0,0,7.7,0,1.3,0,0,0,0.2,7.2,21.8,0.2,0,0,0,0.2,0,10.5,0,0.4,0,0.2,0.8,0,0,2.1,0,0,0.6,0,0,0,0,0.2,0,0,0,21.5,0,0,0,0,0,0,0,0,0,0,0,0,0.4,0,0.4,0,0.2,0,0,0,0.4,0.4,0,0,0.2,0,0,0,0.2,0,0,0,0,0,0,0,0,0,0,0,0,0,0,0,0.4,0.4,0.2,0,0,0,0,0,0,0,0,0,0,1.1,0,0,0,0,0,0,0,0,0,0.2,0.4,0,0,0,0.2,0.2,0,0,0,0,0,287811,12154.18074,15147.94737,-1.155448092,10492.56289,-1.002209704
911,803,1094,3.5,0.6,0.6,11.2,0,0,0,0.6,0,0,0,0.2,0,0,0,0.2,0,0.8,0,0,0,0,0,0.6,0,0.6,0,0,0,0,0,0,1,0.2,0.6,0,0,0,0,7.3,3.8,0,0.6,8.8,0,0.8,0,0,0,0.6,4.4,11.9,0.4,0.4,0,0,0.2,0,17.7,0,0,0,0.8,0.2,0,0,2.1,0,0,0,0,0,0,0,0.2,0,0,0,8.7,0,0,0,0,0,0,0,0,0,0,0,0,0.2,0,0.6,0,0,0,0,0,0.4,1,0,0,0,0,0,0.2,0,0,0,0,2.3,0,0,0,0,0,0,0,0,0,0,0,0.2,1.2,0.2,0,0,0,0,0,0,0.6,0,0,0,2.1,0,0,0.2,0,0,0,0.4,0,0,0.2,0.8,0,0,0,0.2,0.2,0,0,0,0,0,246146.8065,10896.27297,11721.2765,-1.187336904,9925.274456,-1.005526483
1468,1410,1636,3,0.2,0.8,10,0.4,0,0,0.8,0,0,0,0,0,0,0,0,0,0.8,0,0,0,0,0,0,0.9,0.4,0,0,0,0,0,0,0,0.6,0,0,0.2,0,0,8.3,2.8,0,0.2,15.3,0,0,0,0,0,0.2,2.1,9.5,0.4,0.4,0,0,0.2,0,14.8,0,0,0,0.4,0.6,0,0,1.7,0,0,0,0,0,0,0,0,0,0,0,16.1,0,0,0,0,0,0,0,0,0,0,0,0,0,0,0.8,0,0,0,0,0,0,0.8,0.4,0,0,0,0,0.2,0,0,0,0,0.8,0,0,0,0,0,0,0,0,0,0,0,0,1.3,0,0.2,0,0,0,0,0,0.4,0,0,0,1.5,0,0,0,0,0,0.4,0,0,0,0.2,0.8,0.2,0,0,1.3,0,0,0,0,0,0,146845.9565,8117.52109,6674.816206,-1.234299577,10474.03399,-1.002318037
1539,1496,1689,5.1,1,1.2,13,0,0,0,0.8,0,0,0,0,0,0,0,0,0,2.2,0,0,0,0,0,0,0.2,0.6,0,0,0,0,0.2,0,0.4,0.6,0.8,0,0,0.2,0,12.4,3.9,0,1,18.9,0,0,0,0.8,0,1.2,2,6.3,0.4,0,0,0.6,0,0,16.7,0.4,0,0,0.4,0.4,0,0,0.6,0,0,0,0,0,0,0,0,0.2,0,1,4.1,0,0,0,0,0,0.2,0,0,0,0,0,0,0,0,0,0,0,0,0,0,0,0,0,0.6,0,0,0,0,0,0,0,0,0.2,0,0,0,0,0,0,0,0,0,0,0,0.2,0.4,0.2,0,0,0,0,0,0,0,0,0,0.2,0.6,0,0,0,0,0,0,0,0,0,0,0,0,0,0.2,0,0,0,0,0,0,0,118507.2632,6877.960717,5386.69378,-1.246286924,9900.356157,-1.005672174
1623,1606,1743,4.3,0.2,1.9,5.3,0.2,0,0,4.3,0.4,0.2,0,0,0,0,0,0.2,0,0.6,0,0,0,0,0,0.2,0,0.2,0,0,0,0,0.2,0,0,0.2,4.5,0.2,0,0.6,0,6,2.7,0,0.2,6.6,0,0.2,0.2,0.4,0,1.2,5.3,16.5,0.6,0,0,0,0,0,13.4,0,0.2,0,3.9,2.1,0,0,2.1,0,0,0,0,0,0,0,0,0,0,0,6.4,0,0,0,0,0,0,0,0,0,0,0,0.2,1.4,0,0.4,0,0,0,0,0,0,0,0.2,0,0,0,0,0,0,0,0,0,2.1,0,0,0,0,0,0,0,0,0,0,0,0,0.8,0.2,0,0,0,0,0,0,0,0,0,0,1.6,0,0,0,0,0,0,0.2,0,0,0,0.6,0.2,0.2,0,0.4,0,0,0,0,0,0,767224.8,47712.98507,34873.85455,-0.971877574,83122.94691,-0.577559811
1701,1716,1784,3.7,0.6,1.8,5.5,0.6,0,0,6.8,0.2,0,0,0,0,0,0,0,0,1,0,0,0,0,0.3,0.2,0,1.1,0,0,0,0.3,0.2,0,0.3,2.6,5.2,0,0.2,0,0,4.2,1.5,0,0.6,8.4,0.2,0.3,0,0.5,0,2.6,7.3,10,2.6,0.2,0,0.8,0,0,4.9,0,0.3,0,5.3,0.8,0,0,2.6,0,0,0,0,0.3,0,0.2,0.2,0,0,0,4.9,0,0,1.9,0,0,0.2,0,0.2,0,0,0,0,0.8,0,0,0,0.2,0,0,0,0.2,0.2,0,0,0,0,0.2,0.2,0,0.3,0.2,0,0.2,0,0,0,0,0,0,0,0,0.3,0,0,0.2,1.1,0.2,0.2,0,0,0,0,0,0.3,0,0.2,0,2.4,0,0,0.5,0,0.2,0,0,0,0,0,0.5,0,0,0,0.2,0,0,0,0,0,0,479515.5,32268.87618,43592.31818,-0.89074301,69697.02035,-0.656057513
1786,1763,1822,1.5,0.2,0.9,2.1,0.8,0,0,4.7,0,0.2,0,0,0,0,0,0,0,0.8,0,0,0,0,0,0,0,0.2,0,0,0,0,0,0,0,2.1,7.8,0.2,0,0.2,0.2,5.3,3.8,0,0.6,3.6,0,0.4,0,0.2,0,0.2,14.2,7.4,0.4,0.2,0,0,0,0,11,0,0.2,0,4.9,1.1,0,0,2.1,0,0,0,0,0.6,0,0,0,0,0,0,6.3,0,0,0,0,0,0,0,0,0,0,0,0,2.3,0,0,0,0.2,0,0,0,0.2,0,0.2,0,0,0,0,0.4,0,0,0,0,1.1,0,0,0,0,0,0,0,0,0,0,0,0.2,2.8,0.2,0,0,0,0,0,0,0,0,0,0,3.2,0.2,0,0.9,0,0,0,0,0,0,0,0.4,0.4,0,0,0,3,0,0,0,0,0,145514.0204,10834.9978,24252.33673,-1.070722079,25395.117,-0.915078566
1888,1808,1863,4.7,0.8,1.9,2.7,1.3,0,0,11.2,0,0,0,0,0,0,0,0,0,0.9,0,0,0,0,0,0,0,0.8,0,0,0,0,0,0.2,0.2,2.7,7,0,0,0.2,0,2.5,1.9,0.4,0.4,1.7,0.2,0.4,0,0.6,0,1.9,10.4,8.5,0.8,0,0.2,0.2,0,0,2.7,0,0,0,7.8,1.3,0,0,4.9,0,0,0,0,1.1,0.4,0,1.1,0,0.6,0.2,3.2,0,0,2.7,0,0,0,0,0,0,0,0,0,0.9,0,1.1,0.2,0,0,0,0,0,0,0.2,0,0,0,0,0,0.2,0,0,0,0.8,0,0.2,0,0,0,0,0,0,0,0,0,0,0.2,0.4,0.2,0,0,0,0,0,0,0.2,0,0.2,2.8,0.2,0,0.2,0,0.2,0,0,0.2,0,0,0.6,0.2,0,0,0,0.6,0,0,0,0,0,604606.5,51064.73818,86372.35714,-0.492629309,134357,-0.278008383
2050,1904,1920,2.3,0,0.2,2.5,0.2,0,0,5.9,0,0,0,0,0,0,0.2,0,0,0.4,0.2,0,0,0,0,0.2,0,0.2,0,0,0,0,0,0,0,1,10.7,0,0,0,0,2,0.8,0,0,2.3,0,0.2,0,0.6,0,0.2,18.2,13.1,0.6,0.2,0,0,0,0,10,0,0.6,0,10.5,4.1,0,0,1,0,0.6,0,0,0,0,0,0,0,0,0,3.7,0,0,0,0,0,0,0.2,0,0,0,0,0,0.2,0,0,0,0,0,0,0,0.2,0,0.2,0,0.4,0,0,0,0,0,0,0,0.4,0,0.4,0,0,0,0,0,0,0,0,0,0,1,0.2,0,0,0,0,0,0,0.2,0,0,0,3.3,0,0,0,0,0,0.2,0,0,0,0,0.2,0.2,0,0,0.2,0,0,0,0,0,0,1857601.35,188397.7028,265371.6214,1.173148967,582320.1724,2.341109166
2145,1969,1951,2.9,0.7,2.1,1.5,0.9,0,0,7,0,0.2,0,0,0,0,0,0,0,1,0,0,0,0.2,0.7,0.3,0,0.2,0,0,0,0,0.3,0.2,0,1.7,7.7,0.7,0.3,0.2,0.2,2.7,2.1,0,0.2,1,0,0.5,0,2.7,0,0.3,10.1,12.7,0.9,0,0,0.2,0.7,0.2,5.3,0,0,0,5.7,1.7,0,0,5.2,0,0,0,0,0.2,0,0,0,0,0,0,3.9,0,0.3,0,0,0,0,0,0,0,0.2,0,0,1,0,0.3,0,0,0.2,0,0.2,0.7,0.2,0.3,0,0.3,0,0,1.9,0,0,0,0,0.7,0,0.7,0,0,0,0,0.2,0,0,0,0,0,0.9,0,0,0,0,0,0,0,0.2,0,0.2,0,2.1,0.2,0,0,0,0.2,0,0.2,0,0,1.5,1.2,0.2,0,0.5,0,0.3,0,0,0,0,0.2,1232136.5,133203.9459,176019.5,0.341632573,406645.7096,1.313988865
2237,2036,1982,2.7,0,1.3,11,0.8,0,0,5.4,0,0,0,0,0,0,0.4,0,0,0.4,0,0,0,0,0,0,0.2,0,0,0,0,0,0,0,0.2,0.8,4.4,0.2,0.2,0,0,2.7,1.5,0,0.6,5.8,0,0.6,0,0,0,0.2,18.1,10.2,0.8,0,0.4,0,0.2,0,6.7,0,0.4,0,8.5,2.1,0,0,4.6,0,0.2,0,0,0.2,0,0,0.2,0,0,0,4.4,0,0,0,0,0,0,0,0,0,0,0,0,0.4,0,0.2,0,0,0,0,0,0.2,0,0,0,0,0,0,0,0,0,0,0,1,0,0,0,0,0,0,0,0,0,0,0,0,1.2,0,0,0,0,0,0,0,0.2,0,0,0,0,0,0,0,0,0,0.2,0,0,0,0,0.4,0,0,0,0,0.2,0,0,0,0,0,1150837.2,124684.4204,191806.2,0.488544584,334545.6977,0.892439911
2331,2104,2021,3.5,0,1.7,6.4,0.6,0,0,5.8,0,0,0,0,0,0,0.2,0,0,1.6,0,0,0,0,0,0,0,0,0,0,0,0,0,0,0,0.4,6,0.2,0.2,0.2,0,2.1,1.2,0,0.4,4.5,0,0.4,0,0,0,1,13.4,9.9,1.7,0,0,0,0,0,5.4,0,0.4,0,8.1,2.1,0,0,7.2,0,0,0,0,0.8,0,0,0,0,0,0,5.6,0,0,0,0,0,0,0.4,0,0,0,0,0,0.8,0,1,0,0,0,0,0,0.2,0,0,0,0,0,0,0,0,0,0,0,1,0,0,0,0,0,0,0.2,0,0,0,0,0,1.2,0,0,0,0,0,0,0,0.2,0,0.2,0,1.9,0,0,0,0,0,0,0,0,0,0,0.6,1.2,0,0,0.2,0.2,0,0,0,0,0,1288437.3,132419.0442,184062.4714,0.416480964,291501.6516,0.640773204
2431,2173,2071,7,0.4,1.2,9.1,0.4,0,0,3.3,0,0,0,0,0,0,0,0,0,1,0,0,0,0,0.2,0,0,0.2,0,0,0,0,0,0,0,0,2.5,0,0.4,0.2,0,3.9,1.9,0,0.4,8.4,0,0,0,0,0,0,13.4,14.4,0.6,0,0.2,0,0,0,7.2,0,0.4,0,0,1.8,0,0,2.5,0,0.4,0,0,0.2,0,0,0.8,0,0,0,7,0,0,0,0,0,0,0.2,0,0,0,0,0,0.4,0,0,0,0,0.2,0,0,0,0.6,0.2,0,0,0,0,0.4,0,0,0,0,2.9,0,0,0,0,0,0,0,0,0,0,0,0,1.2,0.2,0,0,0,0,0,0,0.4,0,0,0,1.6,0.4,0,0,0,0,0.4,0,0,0,0,0.8,0.4,0,0,0,0.6,0,0,0,0,0,1082037.15,106604.6453,154576.7357,0.142084876,180942.6672,-0.005634791
2533,2241,2155,9.1,0,1.3,13.2,0.8,0,0,2.8,0,0.2,0,0.4,0,0,0,0,0,0.9,0,0,0,0,0.2,0,0,0,0,0,0,0,0,0.2,0,0.8,0.9,0,0.4,0.2,0,6.8,2.3,0,1.9,13.2,0,0,0,0,0,0.6,6.8,4.3,0.8,0.2,0,0,0,0,2.6,0,0,0,4.3,0.8,0,0,1.3,0,0,0,0,0.4,0,0,0,0,0,0,6.2,0,0,0,0,0,0,0,0,0,0,0,0,0,0,2.5,0,0,0,0,0,0.4,0,0.6,0,0.2,0,0,0,0,0,0,0,1.9,0,0.2,0,0,0,0,0,0,0,0,0,0.2,0.9,0,0,0,0,0,0,0,0.6,0,0,0,5.5,0,0,0,0,0.2,0.2,0,0,0,0.6,1.1,0.8,0.2,0,0.2,0,0,0,0,0,0,681745.95,66124.72842,97392.27857,-0.390077235,47707.90413,-0.784621832
2636,2308,2343,14.9,0.9,2.8,8,1.1,0,0,3,0,0.2,0,0,0,0,0.2,0,0,1.9,0,0,0,0,0.2,0,0.4,0.2,0,0,0,0.2,0,0,0,0.2,0.6,0,0.7,0,0.4,0.6,2.2,0,0.4,19.4,0,0,0.2,0.2,0,0.2,14.2,5.8,0.6,0,0,0,0,0,2.6,0,0.4,0,1.1,0.7,0,0,0.6,0,0,0,0,0.2,0,0,0,0,0,0,6.5,0.2,0,0,0,0,0,0.2,0,0,0,0,0,0.4,0,0.7,0,0,0,0,0,0,0,0,0,0,0.2,0,0,0,0.2,0,0,1.1,0,0.4,0,0,0,0,0,0,0,0,0,0,0.2,0,0,0,0,0,0,0,0.4,0,0,0,2,0.9,0.2,0.2,0,0,0.2,0,0,0,0.2,0.4,0.2,0.4,0,0,0,0,0,0,0,0,371100.3333,36311.18721,53014.33333,-0.803061151,16044.11298,-0.969751316
2737,2375,2592,8.8,0.8,3.5,19.8,0.6,0,0,7.6,0,0,0,0,0,0,0,0,0,0.8,0,0,0,0,0.2,0,0.4,0,0,0,0,0,0,0,0,0.2,0.4,0.2,0,0,0,1.8,1.8,0,1.2,10,0,0,0,0,0,0,7.6,12.9,0.2,0.2,0,0,0,0,3.9,0,0,0,0.4,0.6,0,0,1.8,0,0,0,0,0,0,0,0,0,0,0,9.4,0,0,0,0,0,0,0,0,0,0,0,0,0,0,0,0,0,0,0,0,0,0.2,0.2,0,0,0,0,0,0,0,0,0,1.6,0,0,0,0,0,0,0,0,0,0,0,0,0.8,0,0,0,0,0,0,0,0.2,0,0,0,0.4,0,0,0,0,0,0,0,0,0,0.6,0.8,0.2,0,0,0,0.2,0,0,0,0,0,431348.2759,43702.96615,71891.37931,-0.627390189,16622.28424,-0.966370908
2833,2443,2842,8.2,0.8,3.8,21.1,0.6,0,0,4.8,0,0.4,0,0,0,0,0,0,0,3.1,0,0,0,0,0,0.2,0.8,0,0,0,0,0,0.4,0,0,0,0.4,0,0.2,0,0,1.7,0.4,0,0.6,8.2,0,0,0,0,0,0.6,12.8,4,0.6,0,0,0,0,0,3.8,0,0.2,0,1.9,1,0,0,2.3,0,0,0,0,0,0,0,0,0,0,0,6.1,0,0,0,0,0,0,0,0,0,0,0,0,0,0,1.3,0,0,0,0,0,0,0,0,0,0,0,0,0.2,0,0,0,0,3.3,0,0,0,0,0,0.2,0,0,0,0,0,0.2,1.1,0,0,0,0,0,0,0,0.2,0,0.4,0,0.8,0,0,0.6,0,0,0,0,0,0,1,1,0.4,0,0,0.2,0.4,0,0,0,0,0,963200.7,103905.1456,137600.1,-0.015900751,42319.89016,-0.816124069
2879,2476,2949,8.9,3.1,2.3,19.5,1.2,0,0,3.5,0,0,0.4,0,0,0,0,0,0,1.7,0,0,0,0,0,0,0,0.6,0,0,0,0,0.2,0,0.2,0.2,1,0,0.2,0,0,2.5,1.7,0,1.7,11.4,0,0,0,0,0,0.2,8.9,7.5,2.1,0,0,0.4,0,0,0.6,0.2,0,0,2.7,0.2,0,0,1.9,0,0,0,0,0.2,0,0,0,0,0.2,0.8,4.3,0,0,0.4,0,0,0.4,0,0.4,0,0,0,0,0,0,0.2,0,0,0,0.4,0,0,0.2,0,0,0,0,0.2,0.4,0,0,0,0,0.6,0,0.4,0,0,0,0,0,0,0.8,0,0,0,0.6,0.2,0,0.6,0,0,0,0,0,0.2,0,0.2,2.7,0,0,0,0,0,0,0,0,0.2,0.4,0,0,0,0.2,0,0,0.2,0,0,0,0,521212.5,58761.27396,86868.75,-0.488009846,27562.79746,-0.902404734
2963,2542,3088,13.5,1.8,3.7,12.3,1.4,0,0,3.7,0,0,0,0,0,0,0,0,0,2.3,0,0,0,0,0.4,0.2,0,0,0,0,0,0,0.2,0,0,0.8,1,0,0.2,0,0,0.8,1.8,0,1,14.5,0,0,0,0,0,0.6,8.6,7.4,1.6,0,0,0.2,0,0,1.6,0,0,0,2.5,0.6,0.2,0,1.4,0,0.4,0,0,0.2,0,0,0,0,0,1.4,5.7,0,0,0.4,0,0.2,0.2,0,0,0,0,0,0,0,0,0.4,0,0,0,0,0,0,0,0,0.2,0,0,0,0.4,0.2,0.2,0,0,0.4,0,0.2,0,0.2,0,0,0,0,0.6,0,0,0.2,0.2,0.2,0,0,0,0,0,0,0.2,0,0,0.2,2.9,0,0,0,0,0,0,0,0.2,0.2,0,0,0,0.2,0,0.2,0,0,0,0,0,0,542061,68789.46701,90343.5,-0.455673607,81146.85629,-0.589113469
3001,2574,3112,4.8,0.6,1.7,15.4,0.4,0,0,6.8,0,0.4,0,0,0,0,0,0,0,0.8,0,0,0,0,0.2,0,0.2,0,0,0,0,0.2,0,0,0,0.4,0.4,0.2,0,0,0.4,1.4,0.2,0,0.8,8.7,0,0,0,0,0,0.8,13.1,7.9,0.2,0,0,0,0,0.2,3.3,0,0,0.2,6.8,1.5,0,0,1.2,0,0.2,0,0,0.2,0,0,0.2,0,0,0,6,0,0,0,0,0,0,0.2,0,0,0,0,0,0.4,0,0.8,0,0,0,0,0,0,0,0.2,0,0,0.2,0,0,0,0,0,0,1.9,0,0.4,0,0,0,0,0,0,0,0,0,0.2,0.6,0,0.2,0,0,0,0,0,0.6,0,0,0,6,0.4,0,0,0,0,0.2,0.2,0,0,0,0.8,0.6,0,0,0.8,0,0,0,0,0,0,1074194.143,147149.8826,153456.3061,0.131658088,260726.7337,0.460840718
3069,2638,3151,4,0,3.2,9.9,0.4,0,0,5.3,0,0.2,0,0.2,0,0,0.2,0,0,1.7,0,0,0,0,0.4,0.2,0,0,0,0,0,0,0.2,0,0.2,0.2,2.5,0.6,0.6,0,0,1.7,0,0,1.3,9.7,0,0.2,0,0.6,0,0.2,17.7,7.4,0.4,0,0,0,0.2,0,1.3,0,0,0,2.3,0.8,0,0,1.9,0,0,0,0.2,0.4,0,0,0.2,0.4,0,0,4.6,0,0,0,0,0,0,0,0,0,0,0,0,2.1,0,1.9,0,0,0,0,0,0.2,0,0.4,0,0.4,0,0.4,1,0,0,0,0,1,0.4,0.2,0,0,0,0,0,0,0,0,0,0,0.8,0,0,0,0,0,0,0,0,0,0,0,5.1,0.6,0,1.7,0,0,0,0.2,0,0,0.6,1,0.2,0,0,0.6,0,0,0.2,0,0,0,545847.2727,87898.11155,109169.4545,-0.280478104,153327.8856,-0.167090829
3127,2702,3184,3.9,0.2,2.2,7.6,0.4,0,0,8.4,0.2,0.4,0,0,0,0,0.2,0,0,2.2,0,0,0,0,0.2,0,0,0.2,0,0,0,0,0,0,0.2,0,2.3,0,0.4,0,0,1.2,1.6,0,1,7.2,0,0,0,0,0,0.2,20,5.5,0.4,0,0,0,0,0,3.9,0,0,0,6.8,0,0,0,3.1,0,0.2,0,0,0.4,0,0,0,0,0,0,5.3,0,0,0,0,0,0,0.2,0,0,0,0,0,0.4,0,0.4,0.2,0,0,0,0,0,0,0,0,0.2,0,0,0.4,0,0,0,0,1.8,0,0,0,0,0,0,0,0,0,0,0,0,0.4,0.2,0,0,0,0,0,0,0.4,0,0,0,7.6,1.2,0,0,0,0,0,0,0.2,0,0.2,0.4,0,0,0,0.2,0,0,0,0,0,0,1163337,221588,193889.5,0.507931903,377706.8182,1.14479112
3176,2765,3213,0.6,0.2,6.1,9.9,0.8,0,0,8.9,0,0,0,0,0,0,0,0,0,0.6,0,0,0,0,0.4,0.2,0.2,0,0,0,0,0.4,0,0,0,0.6,3.2,0,0.4,0.2,0,4.7,2.4,0,0.2,12.2,0,0,0,0,0,0.4,14.6,4.1,0,0,0,0,0,0,1.4,0,0,0,5.9,0.6,0,0,0.6,0,0,0,0,0.6,0,0,0,0,0,0,4.5,0,0,0,0,0,0,0.2,0,0,0,0,0,0,0,1.6,0,0,0.2,0,0,0,0,0.2,0,0,0.2,0,0.2,0,0,0,0,1.8,0,0,0,0,0,0,0,0,0,0,0,0,0.8,0.2,0,0,0,0,0,0,1.6,0,0,0,5.1,0.8,0,0.2,0,0,0.2,0.2,0,0,0,0.2,0.8,0,0,0.8,0,0,0,0,0,0,888139,201392.0635,126877,-0.115690586,331395.1493,0.874019521
3217,2828,3239,2.8,0,4,5.5,0.2,0,0,5.6,0,0,0,0,0,0,0.2,0,0,2.1,0,0,0,0,0,0,0,0,0,0,0,0,0.2,0,0.2,0.2,2.3,0.8,0.2,0,0,2.1,1.7,0,1.1,4.3,0,0.6,0,0.4,0,0.2,17.9,8.5,0.4,0,0,0,0,0,4.5,0,0.2,0,10.4,1.7,0,0,3,0,0.4,0,0,0.6,0,0,0,0,0,0,5.5,0,0,0,0,0,0,0.2,0,0,0,0,0,0.2,0,0.2,0,0,0,0,0,0.4,0.2,0.2,0,0,0,0,0.2,0,0,0,0,1.7,0,0,0,0,0,0,0,0,0,0,0,0,0.4,0,0,0,0,0,0,0,0,0,0,0,7.7,0,0,0,0,0,0,0,0,0,0,0.4,0.8,0,0,0.2,0,0,0,0,0,0,1338463,361746.7568,223077.1667,0.779554143,569558.7234,2.266496481
3251,2891,3261,4.2,0.8,3.4,10,0.6,0,0,6.3,0.4,0,0,0,0,0,0.2,0,0,0.8,0,0,0,0,0.2,0,0.2,0,0,0,0,0,0.4,0,0,0,1.3,0.2,0.2,0,0,3,1.9,0,1.1,6.6,0,0.2,0,0.4,0,0.2,14.4,9.3,0.8,0.2,0,0,0.4,0,1.9,0,0.4,0,4.7,0.9,0,0,0.9,0,0.4,0,0,0,0,0,0,0,0,0,7.4,0,0,0,0,0,0,0,0,0,0,0,0,0.6,0,0,0,0,0,0,0,0.2,0.2,0,0,0,0,0,0.4,0,0,0,0,0.9,0,0,0.2,0,0,0,0,0,0,0,0,0,0,0.2,0.8,0,0,0,0,0,0,0,0,0,9.1,0.8,0,0.4,0,0,0,0.4,0,0,0,0.9,0.6,0,0,0.4,0,0,0,0,0,0,1006974.5,322748.2372,167829.0833,0.265412046,479511.6667,1.740016089
3280,2952,3281,4.2,1,4.9,12,1.3,0,0,6.3,0,0.2,0,0.2,0,0,0.2,0,0,1.1,0,0,0,0,0.8,0.2,0.2,0.2,0,0,0,0,0.2,0,0,0.4,2.1,0,0.4,0,0.2,1.1,0.4,0,0.8,8.6,0,0,0,0.2,0,0.2,14.8,7,0.2,0,0,0,0,0,4.8,0,0,0,1.7,0.8,0,0,1.3,0,0,0,0,0.2,0,0,0.4,0,0,0,8.2,0,0,0,0,0,0,0,0,0,0,0,0,0.2,0,0.2,0.4,0,0.2,0,0,0.2,0,0,0,0.2,0,0,0,0,0.2,0,0,1,0.2,0.4,0,0,0.2,0,0,0,0,0,0,0.2,0.6,0,0,0,0,0,0,0,0.2,0,0.4,0,6.3,1.3,0,0,0,0,0.2,0.2,0,0,0.4,0.4,0,0,0,0.2,0,0,0,0,0,0,1225882,460857.8947,204313.6667,0.604939846,638480.2083,2.669461461
3305,3014,3300,4,0,1.9,11.5,0.8,0,0,6.9,0,0,0,0,0,0,0.2,0,0.2,0.8,0,0,0,0,0,0.4,1,0,0,0,0,0,0,0,0.2,0,1.9,0,0.8,0,0.4,3.3,1.5,0,1.3,8.7,0,0,0,0.8,0,0.6,15.6,5.6,1.2,0.2,0,0,0,0,2.3,0,0.4,0,3.7,0.2,0,0,1,0,0,0,0,0,0,0,0,0,0,0,7.5,0,0,0,0,0,0,0,0,0,0,0,0,0.6,0,0,0,0,0,0,0,0.2,0,0.4,0,0,0,0,0.4,0,0,0,0,1.2,0,0,0,0,0,0.2,0,0,0,0,0,0.2,0.4,0.2,0,0,0,0,0,0,0.8,0,0,0,6.7,0.2,0,0.4,0,0.2,0.4,0.8,0,0,0.6,0.4,0.2,0,0,0.2,1,0,0,0,0,0,1141446.25,492002.694,228289.25,0.828058114,627168.2692,2.603323662
3327,3076,3318,4.9,0,2.7,6.5,0,0,0,6.1,0,0.2,0,0,0,0,0,0,0,1,0,0,0,0,0.4,0.4,0.4,0,0,0,0,0,0,0,0,0.2,1.6,0,0.2,0,0.2,5.3,0.2,0,0.8,7.1,0,0,0,0,0,1,17.8,6.7,0,0.2,0,0,0,0,5.3,0,0,0,7.6,1,0,0,1.2,0,0,0,0,0.8,0,0,0.4,0,0,0,8.4,0,0,0,0,0,0,0,0,0,0,0,0,0,0.2,0.4,0,0,0.2,0,0,0,0,0,0,0,0,0,0,0,0,0,0,2,0,0,0,0,0,0,0,0,0,0,0,0,1.2,0,0,0,0,0,0,0,0.6,0,0,0,4.9,0.2,0,0,0,0,0,0,0,0,0,0.8,0.4,0,0,0.8,0,0,0,0,0,0,881884.5,417954.7393,146980.75,0.071396161,489935.8333,1.800963327
3368,3200,3355,4.5,0.2,1.3,4.9,0.4,0,0,4.9,0,0,0,0,0,0,0.4,0,0.2,1.9,0,0,0,0,0.2,0,0.4,0,0,0,0,0,0.2,0,0,0.8,2.8,0,0.6,0.2,0.2,1.7,0.4,0,0.2,6,0,0,0,0,0,1.3,22.4,7.9,0.2,0,0.2,0,0.2,0,3.6,0.4,0.2,0.2,5.6,2.4,0,0,0.8,0,0,0,0,0.2,0,0,0,0,0,0,14.3,0,0,0,0,0,0,0,0,0,0,0,0,0,0,0.6,0,0,0,0,0,0,0,0,0,0,0,0,0.2,0,0,0,0,0.6,0,0,0,0,0,0,0,0,0,0,0,0,0.8,0,0,0,0,0,0,0,0.9,0,0,0,3.8,0.2,0,0,0,0,0.2,0,0,0,0.2,0.4,0.2,0,0,0,0,0,0,0,0,0,878757.25,424520.4106,175751.45,0.339138083,443816.7929,1.531317973
3389,3260,3376,2.7,0.3,1.8,4,0.8,0,0,14.2,0,0.2,0,0,0,0,0,0,0,1.8,0,0,0,0,0,0,0.5,0.3,0,0,0,0,0,0,0,0.2,2.2,0.3,0,0,0.5,1.8,0.8,0,0.5,5.8,0,0,0,0.3,0,0.7,17.2,7.3,0.2,0.2,0,0,0,0,1.7,0,0,0,4,0.7,0,0,3.8,0,0,0,0,0.5,0,0,0.2,0,0,0,8.5,0,0,0,0,0,0,0,0,0,0,0,0,0.2,0,0.5,0,0,0,0,0,0,0,0,0,0.5,0,0,0.3,0,0,0,0,1,0.2,0.5,0,0,0,0.2,0,0,0,0,0,0.5,1.3,0,0,0.5,0,0,0,0,0.2,0,0.3,0,6.2,0.7,0,0,0,0,0.3,0.2,0.2,0,0.7,0.3,1,0,0.2,0.2,0,0,0,0,0,0,759475,339051.3393,126579.1667,-0.118462241,346792.2374,0.964042063
3413,3319,3399,2.2,0,2,6.1,0.4,0,0,15.4,0.6,0,0,0,0,0,0.4,0,0,0,0,0,0,0,0.7,0.2,0.6,0.2,0,0,0,0,0,0,0.4,0.2,0.7,0,0.2,0,0.4,3.3,0.9,0,0.7,3.9,0,0,0,0,0,0.2,19.5,8.2,0,0,0,0.2,0,0,1.9,0,0,0,8.7,1.7,0,0,2.2,0.2,0.2,0,0,0,0,0,0,0,0,0,6.9,0,0,0,0,0,0,0.2,0,0,0,0,0,0,0,0.2,0,0,0,0,0,0,0.4,0,0,0,0,0,0,0,0,0,0,1.9,0,0,0,0,0,0,0,0,0,0,0,0,0.6,0,0,0,0,0,0,0,0,0,0,0,5.8,0,0,0,0,0,0.2,0,0,0,0.4,0.2,0.7,0,0,0,0,0,0,0,0,0.2,1040521.364,411273.2663,208104.2727,0.640215461,421263.7101,1.399456296
3440,3376,3425,0.6,0,1,4.9,0.4,0,0,17.5,0,0.2,0,0,0,0,0.4,0,0,0.4,0,0,0,0,0.2,0,0,0,0,0,0,0,0,0,0.4,0.2,1.8,0.6,0.6,0,0.2,3.7,1.6,0,0.8,5.6,0,0.2,0,0,0,0.2,13.6,10.3,0.2,0,0,0,0,0,2.1,0,0.4,0.2,8.9,0.6,0,0,2.9,0,0,0,0,0.4,0,0,0,0,0,0,8,0,0,0,0,0,0,0,0,0,0,0,0,0.4,0,0.2,0,0,0.2,0,0,0,0,0,0,0.2,0,0,0.2,0,0,0,0,1,0,0.2,0,0,0,0,0,0.2,0,0,0,0,1.2,0.2,0.2,0,0,0,0,0,0,0,0,0,4.5,0.6,0,0,0,0,0,0,0,0,0.2,0.4,0.4,0,0,0.6,0.4,0,0,0,0,0,831848.5,281982.5424,166369.7,0.251830934,293939.3993,0.655026045
3472,3434,3455,1.7,0.2,2.4,3.3,0.6,0,0,13.7,0,0,0,0,0,0,0.2,0,0,1.7,0,0,0,0,0,0,0.2,0,0,0,0,0,0,0,0.4,0.2,5.4,0,0.7,0,0,1.9,0.6,0,0.2,4.1,0,0,0.2,0,0,0.2,23.9,6.5,0,0,0,0,0,0,4.8,0,0.4,0,10.9,0.7,0,0,1.7,0,0,0,0.2,0.2,0,0,0,0,0,0,6.9,0,0,0,0,0,0,0,0,0,0,0,0,0.4,0,0,0,0,0,0,0,0,0,0.2,0,0,0,0,0,0,0,0,0,0.9,0,0.2,0,0,0,0,0,0,0,0,0,0,0.6,0,0,0,0,0,0,0,0.2,0,0,0,2.8,0.2,0,0,0,0,0.2,0,0,0,0.2,0,0,0,0,0.2,0.2,0,0,0,0,0,1241518.25,355735.8883,206919.7083,0.629191831,380833.819,1.163073835
3510,3491,3491,1.2,0.2,2.2,4,0,0,0,14.1,0,0,0,0.2,0,0,0,0,0,0.8,0,0,0,0,0,0.2,0,0.2,0,0,0,0,0,0,0,1,5.4,0,0.2,0,0,2.6,1.6,0,1.2,1.2,0,0.2,0,0,0,1,21.1,0.6,0.8,0,0.8,0,0,0,7,0,0,0,12.2,1.4,0,0,0.6,0,0.4,0,0,0.6,0,0,0,0,0,0,6.2,0,0,0,0,0,0,0,0,0,0,0,0,0.4,0,0,0,0,0,0,0,0,0,0,0,0,0,0,0.8,0,0,0,0,0.6,0,0,0,0,0,0,0,0,0,0,0,0,0.8,0.2,0,0,0,0,0,0,0.6,0,0,0,5.8,0.2,0,0,0,0,0,0,0,0,0,0.6,0.2,0,0,0.2,0.6,0,0,0,0,0,641086.25,154478.6145,106847.7083,-0.302084419,148743.9095,-0.193892078
3554,3554,3540,2.3,0.4,3.3,2.7,0.4,0,0,15.5,0,0,0,0,0,0,0.4,0,0,2.1,0,0,0,0,0,0,0,0,0,0,0,0.2,0,0,0.4,0.4,2.9,0.2,0.2,0,0,0.8,0.8,0,0,4.6,0,0,0,0.4,0,0.2,19.4,6.5,0.2,0,0.2,0,0.2,0,2.9,0,0,0.4,5.6,1.3,0,0,1.5,0,0,0,0,0.2,0,0.2,0.2,0.2,0,0,8.1,0,0,0,0,0,0,0,0,0,0,0,0,0.2,0,0,0.2,0,0,0,0,0,0.2,0,0,0.4,0,0,0.2,0,0,0,0,2.7,0.4,0.2,0,0,0,0,0,0,0,0,0,0,1.3,0,0,0,0,0,0,0,0.2,0,0,0,7.3,0.4,0,0,0,0,0.2,0,0,0,0.2,0.6,0,0,0,0.2,0.2,0,0,0,0,0,1097664.75,231087.3158,137208.0938,-0.019548785,196714.1129,0.086576517
3604,3617,3601,0.6,0,0.9,1.7,0.2,0,0,9,0.6,0,0,0.2,0,0,0,0,0,0.2,0,0,0,0,0,0.2,0,0,0,0,0,0,0,0,0.4,0.4,3.6,0,0.4,0.2,0,1.5,0.7,0,0.2,2.2,0,0,0,0,0,0.2,28.6,4.9,0.9,0.2,0,0,0.4,0,4.5,0.2,0,0,17.4,1.5,0,0,1.9,0,0,0,0,0.4,0,0,0.2,0,0,0,5.3,0,0,0,0,0,0,0,0,0,0,0,0,0.7,0,0.6,0,0,0,0,0,0.2,0,0,0,0,0,0,0,0,0,0,0,1.7,0,0,0.2,0,0,0,0.2,0,0,0,0,0,0.2,0,0,0,0,0,0,0,0.6,0,0,0,5,0,0,0,0,0,0,0.2,0,0,0.4,0.4,0.4,0,0,0,0,0,0,0,0,0,1813805,346145.9924,259115,1.114924459,276494.6646,0.553031476
3658,3677,3670,0.8,0,1.7,4.7,0,0,0,19.6,0.9,0,0,0,0,0,0,0,0.4,0.9,0,0,0,0,0,0.2,0.2,0,0,0,0,0,0,0,0.6,0.6,1.9,0,0.4,0,0,3.6,1.1,0,0.8,1.9,0,0.2,0,0,0,0,15.8,8.3,0.2,0,0,0,0,0,3.2,0,0,0,8.5,2.3,0,0,1.1,0,0.2,0,0,0.2,0,0,0.2,0,0,0,7.7,0,0,0,0,0,0,0.4,0,0,0,0,0,0.8,0,0.4,0.2,0,0,0,0,0,0.2,0,0,0.2,0,0,0.2,0,0,0,0,0.9,0,0,0.2,0,0,0,0,0,0,0,0,0.2,0.6,0,0,0,0,0,0,0,0,0,0,0,6.6,0,0,0.2,0,0,0,0,0,0,0.4,0,0.2,0,0,0.4,0,0,0,0,0,0,1161550,207419.6429,193591.6667,0.505160248,160656.9848,-0.124239601
3774,3801,3821,3.1,0.6,1.9,2.7,0.4,0,0,9.9,0,0.2,0,0,0,0,0,0,0,0.6,0,0,0,0,0.2,0.2,0.2,0.2,0,0,0,0,0,0,0,0,3.9,0,0.2,0,0,1.2,1.4,0,0,6,0,0,0,0.2,0,0,23,4.9,0.6,0,0.2,0,0.2,0,1.8,0,0.2,0,15,0.8,0,0,2.3,0,0,0,0,0.6,0,0,0.2,0.2,0,0,8.4,0,0,0,0,0,0,0,0,0,0,0,0,1,0,0.4,0,0.2,0,0,0,0.2,0,0,0,0,0,0,0,0,0,0,0,0.8,0,0,0,0,0,0,0,0,0,0,0,0,0.2,0,0,0,0,0,0,0,0,0,0,0,5.1,0.2,0,0.2,0,0,0,0,0,0,0.2,0,0,0,0,0,0,0,0,0,0,0.2,1512993.333,253008.9186,252165.5556,1.050252498,197004.3402,0.088273397
3834,3860,3897,1.7,0.2,3.8,1.7,0.8,0,0,11.5,0,0,0,0,0,0,0,0.2,0,0.4,0,0,0,0,0,0,0.2,0.2,0,0,0,0,0.2,0,0.4,0.2,4,0,0.2,0,0,1.1,0.9,0,0.4,2.8,0,0,0,0.6,0,0.2,21.4,8.1,0.6,0,0,0,0,0,2.1,0,0.2,0.2,11.3,2.3,0,0,1.1,0,0,0,0,0.8,0,0,0,0,0,0.4,7.8,0,0,0,0,0,0,0.2,0,0,0,0,0,0.8,0,0.6,0.2,0,0,0,0,0,0,0.2,0,0.2,0,0,0.6,0,0.2,0,0,1.7,0,0,0,0,0,0,0,0,0,0,0,0,0.4,0,0,0,0,0,0,0,0,0,0.2,0,5.3,0.4,0.2,0,0,0,0.4,0.2,0,0,0,0.4,0,0,0,0.2,0.2,0,0,0,0,0,1291554.25,215618.4057,215259.0417,0.706798186,173362.9866,-0.0499511
3894,3921,3969,0.6,1.9,2.7,1.2,0.4,0,0,12.9,0,0.2,0,0,0,0,0.2,0,0,1,0,0,0,0,0.2,0.6,0,0,0,0,0,0,0,0,0.4,0,1.8,0.2,1,0,0,2.5,1,0,0.4,2.7,0,0,0,0,0,0.2,22.6,5.1,1,0,0,0,0,0,3.9,0,0.2,0.2,11.3,1.8,0,0,2.5,0,0,0,0,0,0,0,0,0,0,0,9.8,0,0,0,0.2,0,0,0,0,0,0,0,0,0.6,0,0.4,0,0,0,0,0,0,0,0.2,0,0,0,0,0.4,0,0,0,0,1,0,0,0,0,0,0,0,0,0,0,0,0,1,0,0,0,0,0,0,0,0,0,0,0,5.5,0,0,0,0.2,0,0,0.2,0,0,0,0.2,0,0,0,0,0,0,0,0,0,0,1375990,233614.601,229331.6667,0.837758909,198842.4855,0.099020527
3952,3983,4035,2,0.9,2.9,0.4,0.5,0,0,11.9,1.1,0.2,0,0,0,0,0.2,0,0,0.5,0,0,0,0,0.2,0,0,0,0,0,0,0.2,0.4,0.2,0,0.2,1.1,0.2,0,0,0,1.4,1.4,0,0.4,4.5,0,0,0,0,0,0.2,22.8,5.8,0,0,0,0,0.4,0,4,0.2,0.2,0,13.2,1.1,0,0,0.9,0,0,0,0,0,0,0,0,0,0.2,0,12.2,0,0,0,0,0,0,0.5,0,0,0,0,0,0.5,0,0.2,0.4,0,0,0,0,0,0,0,0,0.2,0,0,0.2,0,0,0,0,0.7,0,0,0,0,0,0,0,0,0,0,0,0,0.4,0,0,0,0,0,0,0,0.4,0,0.2,0,3.1,0,0,0.2,0,0,0,0,0,0,0.2,0.2,0.4,0,0,0,0.7,0,0,0,0,0,891266.25,157467.5353,148544.375,0.085947352,146349.1379,-0.207893649
4007,4045,4091,2.9,0.4,1.9,1.1,0.2,0,0,12.5,0,0,0,0.2,0,0,0.2,0,0,0.4,0,0,0,0,0,0,0.2,0,0,0,0,0,0,0,0.4,0.2,2.9,0,0.4,0,0,2.3,2.9,0,0,5.9,0,0,0,0,0,0.2,19.9,7.7,0.2,0,0,0,0,0,4.2,0,0,0,4.8,1,0,0,1.2,0,0.4,0,0,0.4,0,0,0,0,0,0,15.1,0,0,0,0,0,0,0,0,0,0,0,0,0,0,0.4,0,0,0,0,0,0.2,0.2,0,0,0,0,0,0,0,0,0,0,1,0,0.2,0,0,0,0,0.2,0,0,0,0.2,0,0.8,0.2,0,0,0,0,0,0,0,0,0,0,5.4,0.4,0.2,0,0,0,0,0,0,0,0.2,0.4,0,0,0,0.4,0,0,0,0,0,0,1000720,188105.2632,142960,0.033978812,201758.0645,0.116067116
4058,4108,4135,1,0.4,1.2,2.3,0.6,0,0.2,7.4,0,0.6,0,0.2,0,0,0,0,0.6,0.2,0,0,0,0,0.2,0,0,0,0,0,0,0,0.2,0,0,0.4,1.4,0.2,0.2,0,0.2,4.1,1.6,0,0.4,8,0,0,0,0,0,0.2,20.7,5.5,2.1,0,0,0,0.4,0,3.9,0,0,0,9.9,2.1,0,0,0.4,0,0,0,0,0.4,0,0,0,0,0,0,11.7,0,0,0,0,0,0,0,0,0,0,0,0,0.6,0,0.4,0.2,0,0,0,0,0,0,0.4,0,0.2,0.2,0,0.2,0.2,0,0,0,0.4,0,0,0,0,0,0,0,0,0,0,0,0,0.2,0,0,0,0,0,0,0,0.6,0,0,0,6.8,0.6,0,0,0,0,0,0,0,0,0,0,0,0,0.4,0,0,0,0,0,0,0,903775.25,185199.8463,150629.2083,0.105348941,225380.3616,0.254180195
4105,4165,4173,1.7,1.5,2.1,2.1,0.9,0,0,14.7,0,0,0,0,0,0,0.2,0,0,0,0,0,0,0.4,0.6,0,0.4,0,0,0,0,0.2,0,0.2,0.4,0.2,1.3,0,0,0.4,0,2.8,1.5,0,0.6,10.9,0,0.4,0,0,0,0.4,21.1,5.1,0.6,0,0,0,0,0,1.5,0,0,0,3.8,1.1,0,0,1.3,0,0,0,0,0.2,0,0.2,0,0,0,0,11.1,0,0,0,0,0,0,0,0,0,0,0,0.4,0.8,0,0.4,0,0,0,0,0,0,0,0.2,0,0.6,0,0,0.2,0,0,0,0,0.9,0,0,0,0,0,0,0,0,0,0,0,0,1.7,0,0,0,0,0,0,0,0,0,0,0,3.2,1.7,0,0,0,0,0,0,0,0,0.2,0,0,0,0,0,0.2,0.2,0,0,0,0,508888.8636,112586.0318,101777.7727,-0.349265555,144570.6999,-0.218291687
4150,4224,4207,1.6,0.2,2,1.4,0.4,0,0,4.7,0,0.4,0,0,0,0,0,0,0,1.2,0,0,0,0,0.4,0,0,0,0,0,0,0,0.2,0.2,0.2,0,1.4,0,0.4,0,0,3.3,2.5,0,0.4,4.7,0,0,0,0.2,0,0,34.6,4.5,0.4,0,0,0,0.2,0,6.1,0,0,0.2,8.4,2.2,0,0,0.8,0,0.4,0,0,0.2,0,0,0,0,0,0,9.2,0,0,0,0,0,0,0,0,0,0,0,0,0,0,0.2,0,0,0,0,0,0.2,0,0.4,0,0,0.2,0,0.4,0,0,0,0,0.2,0,0,0,0,0,0.2,0,0,0,0,0,0,0.4,0.2,0,0,0,0,0,0,0,0,0,0,3.9,0.2,0,0,0,0,0,0,0,0,0.2,0.2,0.2,0,0,0.2,0,0,0,0,0,0,2442382.25,564060.5658,407063.7083,2.491744332,760866.7445,3.385021901
4193,4281,4238,2.7,0.2,1.3,0.6,0.6,0,0,11.4,0,0,0,0,0,0,0.6,0,0,0,0,0,0,0,0,0.2,0.2,0.2,0,0,0,0.2,0,0,0.8,0,3,0.2,0.9,0,0,0.9,2.3,0,0,8,0,0,0,0,0,0.2,23.7,5.9,0.4,0,0,0,0,0,3.2,0,0.2,0,5.3,0.8,0,0,1.9,0,0,0,0,0.6,0,0,0,0,0,0,11.2,0,0,0,0.2,0,0,0.4,0.8,0,0,0,0,0.6,0,0.8,0,0,0.2,0,0,0.2,0,0,0,0,0.2,0,0,0,0,0,0,0.9,0,0.2,0,0,0,0,0,0,0,0,0,0,1.1,0,0,0,0,0,0,0,0,0,0,0,4.6,0.9,0,0,0,0,0,0,0,0,0,0.6,0.4,0.4,0,0.2,0,0,0,0,0,0,1083165.682,251898.9958,180527.6136,0.383585358,351677.1695,0.992602918
4301,4420,4314,1.7,0.9,1.5,2.3,0.4,0,0,10.4,0.2,0.2,0,0,0,0,0,0,0,0.2,0,0,0,0,0,0,0,0,0,0,0,0,0,0.2,0,0,3.6,0,0.4,0,0,3.4,2.6,0,0.6,5.8,0,0,0,0,0,0.4,31.1,7.2,0.2,0.2,0,0,0,0,4.5,0,0.2,0,4.9,0.8,0,0,1.5,0,0.6,0,0,0.2,0,0,0.2,0,0,0,8.5,0,0,0,0,0,0,0,0,0,0,0,0,0.2,0,0.6,0.2,0,0,0,0,0,0,0,0,0.2,0,0,0,0,0,0,0,0.4,0,0,0,0,0,0,0,0,0,0,0,0,0.8,0,0,0,0,0,0,0,0,0,0,0,1.7,0,0,0,0,0,0,0,0.2,0,0.2,0.2,0.4,0,0,0.4,0,0,0,0,0,0,1848204.75,379508.1622,369640.95,2.143485818,531093.319,2.041599833
4331,4454,4336,2.2,0.4,1.1,2.1,1.1,0,0,12,0,0,0,0,0,0,0.2,0,0,0.6,0,0,0,0,0,0.4,0.2,0,0,0,0,0,0,0,0,0.2,1.1,0,0,0.2,0.2,1.9,3.9,0,0.2,11.2,0,0,0,0,0,0,29.2,6.4,0.7,0,0,0,0.4,0,1.9,0,0,0.6,3,1.1,0,0,0.7,0,0,0,0,0,0,0,0.4,0,0,0,9.7,0,0.4,0,0,0,0,0,0,0,0,0,0,0.4,0,0.4,0,0,0,0,0,0,0,0,0,0,0.4,0,0.4,0,0,0,0,1.1,0,0.2,0,0,0,0,0,0,0,0,0,0,0.2,0,0,0,0,0,0,0.2,0.2,0,0,0,2.1,0.2,0,0,0,0,0,0.2,0,0,0,0.2,0.2,0,0,0,0.2,0,0,0,0,0,822466.75,159392.781,137077.7917,-0.020761384,219324.4667,0.218773041
4385,4511,4376,2.1,0.6,1.9,2.5,0.6,0,0,13.3,0,0,0,0,0,0,0.2,0,0,1.5,0.2,0,0,0,0.2,0.4,0,0.2,0,0,0,0.2,0.2,0.2,0,0,1.1,0,0.8,0,0,0.9,2.5,0,0.8,14.4,0,0,0,0,0,0.2,26.2,6.1,0.4,0,0,0,0.2,0,3.4,0.2,0,0,1.1,0,0,0,2.1,0,0,0,0,0,0,0,0,0.2,0,0,11,0,0,0,0,0,0,0,0,0,0,0,0,0.4,0,0,0,0,0,0,0,0,0,0,0,0,0,0,0.6,0,0,0,0,0.8,0,0,0,0,0,0,0,0,0,0,0,0,0.6,0,0,0,0,0,0,0,0.2,0,0,0,1.5,0,0,0,0,0,0,0,0,0,0.2,0.2,0,0,0,0,0,0,0,0,0,0,972574.75,168557.149,194514.95,0.51375238,224613.1062,0.249694263
4446,4565,4422,1.4,0.4,2.7,2.5,1.4,0,0,14.7,0,0,0,0,0,0,0.2,0,0,1.4,0,0,0,0,0.2,0,0.4,0,0,0,0,0,0.2,0.2,0.2,0.2,1.3,0.5,0.2,0.2,0,1.4,4.7,0,0.7,15.7,0,0,0,0,0,0.4,18.8,4.7,0.4,0.4,0,0,0,0,2.5,0,0.2,0,2,0.4,0,0,1.1,0,0,0,0,0.2,0,0,0,0,0,0,13.1,0,0,0,0,0,0,0,0,0,0,0,0,0,0,0.4,0,0,0,0,0,0.2,0,0.2,0,0.4,0,0,0.4,0,0,0,0,0.5,0,0,0,0,0,0,0,0,0,0,0,0,1.1,0.4,0,0,0,0,0,0,0,0,0,0,1.4,0,0,0,0,0,0.2,0,0,0,0,0.4,0,0,0,0.2,0,0,0,0,0,0,913157,139840.2757,152192.8333,0.119900132,177657.0039,-0.024845161
4515,4644,4482,2.2,0,4.2,0.7,1.7,0,0,4.2,0,0.6,0,0,0,0,0,0,0,0.6,0,0,0,0,0.6,0.4,0,0,0,0,0,0,0,0,0,0,6.3,0.4,0.9,0,0,1.8,1.1,0,0,12.5,0,0.2,0,0,0,0.4,29.8,5.2,0,0,0,0.2,0.4,0,3.9,0,0,0.6,5.7,0.6,0,0,1.5,0,0,0,0,0,0,0.2,0,0,0,0,7,0,0,0,0,0,0,0.2,0,0,0,0,0,0.7,0,0.2,0,0,0,0,0,0,0,0,0,0,0,0,0,0,0,0,0,0.2,0,0,0,0,0,0,0,0,0,0,0,0,0.7,0,0,0,0,0,0,0,0,0,0,0,2.9,0.2,0,0.2,0,0,0.2,0,0,0,0,0.6,0.2,0,0,0,0.2,0,0,0,0,0,807646.3043,109585.6587,100955.788,-0.356914995,117561.3252,-0.376208078
4592,4736,4557,2.4,0.4,3.6,2.2,1.3,0,0,10.9,0,0.4,0,0,0,0,0.2,0,0,0.5,0,0,0,0,0.4,0,0.5,0.2,0,0,0.2,0,0,0,0.2,0,2.9,0.9,0,0,0,2,2.4,0,0.2,13.9,0,0.2,0.2,0,0,0.2,22.6,6,0.4,0,0,0,0,0,2.4,0,0.2,0,3.6,1.6,0,0,1.1,0,0.2,0,0,0.4,0,0.2,0.2,0,0,0,6.2,0,0,0,0,0,0,0.9,0,0,0,0,0,0,0,0.4,0.2,0,0,0,0,0,0,0.2,0,0.2,0,0,0,0,0,0,0,1.1,0,0,0,0,0,0,0,0,0,0,0,0,0.9,0,0,0,0,0,0,0,0.4,0,0.2,0,2.4,0.4,0,0,0,0,0.2,0,0,0,0.4,0.2,0,0,0.2,0.4,0.4,0,0,0,0,0,1113301,137444.5679,139162.625,-0.001359796,134132.6506,-0.279320093
4676,4824,4646,3.6,0.9,3.7,2.6,2.8,0,0,9.2,0,0.4,0,0,0,0,0.6,0,0,0.6,0,0,0,0,0.6,0.6,0,0,0,0,0,0,0.2,0,0,0,3.2,0,0.9,0,0,1.9,0.4,0,0.6,12.2,0,0,0,0.2,0,0.4,21.2,9.9,0.9,0,0,0,0.2,0,2.2,0,0.2,0,2.6,0.6,0,0,0.6,0,0,0,0,0,0,0,0,0,0,0,6,0,0,0,0,0,0,0.6,0,0,0,0,0,0,0,0.4,0,0,0,0,0,0.2,0,0.2,0,0,0,0,0.4,0,0,0,0,0.9,0.2,0,0,0,0,0,0.4,0,0,0,0,0,0,0,0,0,0,0.2,0,0,1.1,0,0.2,0,2.6,0.9,0,0,0,0,0.7,0,0.4,0,0,0,0.2,0,0,0.2,0.6,0,0,0,0,0,365497.3438,41962.95565,45687.16797,-0.871248207,38758.99722,-0.836943631
4765,4909,4744,0.9,0.6,3,0.4,0.9,0,0,9.1,0,0.2,0,0,0,0,0.4,0,0,0.6,0,0,0,0,0.4,0.2,0.4,0,0,0,0,0.2,0,0,0.2,0.6,3,0.6,0.6,0,0,3.4,1.9,0,0.9,16.9,0,0.4,0,0,0,0,20.5,9.5,0.4,0,0.6,0,0,0,2.8,0,0.4,0,5.3,0.9,0,0,1.9,0,0,0,0,0.8,0,0,0,0,0,0,4,0,0,0,0,0,0,0,0,0,0,0,0,0.2,0,0,0,0,0,0,0,0,0,0,0,0,0,0,0.2,0,0,0,0,0.8,0,0,0,0,0,0,0,0,0,0,0,0.2,0.6,0,0,0,0,0,0,0,0.4,0,0,0,2.8,0.4,0,0.2,0.2,0,0,0.4,0,0,0,0.6,0.2,0,0,0,0.2,0,0,0,0,0.2,869944.0909,94559.14032,96660.45455,-0.396887635,84789.87241,-0.567813755
4859,4991,4849,2,0.2,3.5,1.3,1.1,0,0,5.9,0.6,0.6,0,0,0,0,0,0,0,0.4,0,0,0,0,0,0.2,0,0,0,0,0,0.2,0,0,0,0.2,2.4,0,0.4,0,0,3.9,1.3,0,0.4,9.6,0,0.4,0.2,0,0,0.4,20.6,7.2,0.7,0,0,0.2,0.6,0,2.2,0,0.4,0.2,10.9,0.9,0,0,1.5,0,0,0,0,0,0,0,0.6,0,0,0,6.7,0,0,0,0,0,0,0.2,0,0,0,0,0,0.7,0,0.2,0,0,0,0,0,0,0,0.4,0,0,0,0,0,0,0,0,0,1.7,0,0.4,0,0,0,0,0.2,0,0,0,0,0,0.9,0.4,0,0,0,0,0,0,0.2,0,0,0,5,0.6,0,0,0,0,0.2,0.2,0,0,0.2,0.2,0.2,0,0,0.4,0.2,0,0,0,0,0,734903.75,76712.29123,81655.97222,-0.53652028,68109.70806,-0.665338092
5055,5153,5068,0.9,0.2,2.4,2.4,0.9,0,0,8.2,0,0,0,0,0,0,0.4,0,0,0.2,0,0,0,0,0,0,0,0.2,0,0,0,0.2,0,0.2,0,0.2,3.2,0.6,0,0,0,0.7,0,0,0,4.7,0,0,0,0,0,0,25.2,5,0.7,0,0,0,0.6,0,3.6,0.2,0.2,0.2,21.1,1.3,0,0,2.1,0,0,0,0,1.1,0,0,0,0,0,0,4.5,0,0,0,0,0,0,0.2,0,0,0,0,0,0.6,0,0.6,0,0,0,0,0,0,0.2,0,0,0.2,0.2,0,0.2,0,0,0,0,1.3,0,0,0,0,0,0,0,0,0,0,0,0,0.6,0.2,0,0,0,0,0,0,0.4,0,0,0,2.6,0.2,0,0,0,0,0,0,0.2,0,0.2,0.4,0.2,0,0,0.2,0.2,0,0,0,0,0,1116428.25,111978.7613,139553.5313,0.002278002,102143.4812,-0.466351974
5255,5318,5279,2.3,0.2,2.7,1.5,0.6,0,0,11.9,0,0,0,0,0,0,0.2,0,0,0.8,0,0,0,0,0,0.2,0.2,0.4,0,0,0,0.4,0.2,0,0,0.2,2.1,0.2,0.2,0,0,2.3,0,0,0,6.1,0,0,0,0,0,0.4,29.7,4,0.4,0,0,0,0.2,0,5,0,0.2,0,5.7,1.7,0,0,1.3,0,0,0,0,0.8,0,0,0,0,0,0,6.3,0,0,0,0,0,0,0.6,0,0,0,0,0,1,0,1.3,0,0,0,0,0,0,0.2,0.4,0,0.2,0,0,0,0.2,0,0,0,1.1,0,0,0,0,0,0.6,0,0.2,0,0,0,0,0.6,0,0,0,0.2,0,0,0,0,0,0,0,3.6,0.2,0,0,0,0,0,0.2,0,0,0.2,0.6,0,0,0,0.2,0.2,0,0,0,0,0,1140701.667,115222.3906,162957.381,0.220075682,115689.8242,-0.38715023
5353,5403,5373,2.4,0.6,6.1,0.4,0.8,0,0,7.1,0,0,0,0,0,0,0.2,0,0,0.2,0,0,0,0,0.4,0,0,0.2,0,0,0,0,0,0,0,0.2,4,0.2,0,0.2,0.2,1,0,0,0.6,6.1,0,0.2,0,0.2,0,0,15.8,9.9,2.4,0,0,1.2,0,0,1.6,0,0.4,0,16.2,0,0,0,2.4,0,0,0,0,0,0.4,0.2,0.2,0,0,0.4,5.3,0,0,0,0.2,0,0,0,0,0,0.4,0,0.2,1.4,0,0.6,0.2,0,0,0.2,0,0,0,0,0,1.2,0,0,0.2,0,0,0,0,0.4,0,0.2,0,0,0,0,0,0,0,0,0,0,0.6,0.2,0,0,0,0,0,0,0,0,0,0.6,5,0,0,0,0,0,0.2,0,0,0,0,0,0,0,0,0.2,0.2,0,0,0.2,0,0,1107940,114338.4933,123104.4444,-0.150798223,124208.5202,-0.337343756
5449,5479,5462,3.7,0.2,5.5,0.2,0.7,0,0,2.2,0,0,0,0,0,0,0.4,0,0,0.6,0,0,0,0,0,0.2,0.4,0,0,0,0,0,0,0,0.6,0.2,3.7,0.7,0.7,0.4,0,2.8,0.2,0,0.2,7.7,0,0.4,0,0,0,0.4,33.1,3.7,0.2,0,0,0,0,0,4.6,0,0,0.2,5.7,2,0,0,2,0,0.4,0,0,0.4,0,0.2,0,0,0,0,8.7,0,0,0,0.2,0,0,0.6,0,0,0,0,0,0.6,0,0,0,0,0,0,0,0,0,0.4,0,0,0,0,0,0,0,0,0,1.1,0,0,0,0,0,0,0,0,0,0,0,0,0.6,0,0,0,0.2,0,0,0,0.4,0,0.4,0,2,0.4,0,0,0,0,0,0,0,0,0.2,0.2,0,0,0,0,0,0,0,0,0,0,1379117.25,146403.1051,172389.6563,0.307853022,157433.476,-0.143086571
5542,5563,5549,4.2,1.5,5.9,0.8,0.8,0,0,3.3,0,0.2,0,0,0,0,0.4,0,0,0.6,0,0,0,0,0.2,0.4,0.6,0.4,0,0,0.2,0.2,0,0,0.6,0,3.1,0.8,0.4,0,0,2.3,0.2,0,0.4,6.9,0,0,0,0,0,0.4,31,7.1,0,0.2,0,0,0.2,0.2,3.6,0,0.2,0,5,1.1,0,0,0.8,0,0,0,0,0,0,0,0,0,0,0,9.2,0,0,0,0,0,0,0.8,0,0,0,0,0,0,0,1.5,0,0,0,0,0,0,0.2,0,0,0,0,0,0.2,0,0,0,0,1,0,0,0,0,0,0,0,0,0,0,0,0,0.6,0,0,0,0,0,0,0,0.2,0,0.2,0,1.5,0,0,0.2,0,0,0,0,0,0,0,0.2,0,0,0,0.2,0.2,0,0,0,0,0,1250900,136412.2137,138988.8889,-0.002976595,144780.0926,-0.217067426
5632,5651,5634,2.8,1.6,10,0.9,1.1,0.2,0,2.3,0,0.2,0,0,0,0,0,0,0,0.5,0,0,0,0.2,0,0,0.2,1.4,0,0,0,0,0,0,0.4,0.2,1.4,0.7,0,0.2,0,3.5,0,0,0.2,9.6,0,0.9,0,0.2,0,0.2,27.1,12.1,0,0,0,0,0,0,1.9,0,0,0,1.4,1.1,0,0,1.6,0,0,0,0,0.2,0,0,0,0,0,0,9.1,0,0.2,0,0,0,0,0,0,0,0,0,0,0.9,0,0.9,0,0,0,0,0,0.2,0,0,0,0,0,0,0.2,0,0,0,0,1.2,0,0,0,0,0,0,0,0,0,0,0,0,0.9,0.2,0,0,0,0,0,0,0,0,0.9,0,1.1,0,0,0,0,0,0,0,0,0,0.2,0,0.2,0,0,0.2,0,0,0,0,0,0,925666,103542.0582,102851.7778,-0.339270796,108138.5514,-0.431300446
5721,5739,5720,2.3,0.8,4.7,1,0.8,0.2,0,2.1,0,0,0,0,0,0,0,0,0,0,0,0,0,0,0.2,0.4,0,0.8,0,0,0.2,0,0,0,0,0.2,3.7,0,0,0,0,4.1,0.2,0,0.2,14.4,0,0,0,0,0,0.6,30.3,6.6,0.2,0,0,0,0.2,0,5.6,0,0,0,3.7,0.4,0,0,0.4,0,0,0,0,0,0,0,0.2,0,0,0,8.3,0,0,0,0,0,0,0,0,0,0.2,0,0,1,0,0.8,0,0,0,0,0,0,0,0,0,0.2,0,0,0,0,0,0,0,1.6,0,0,0,0,0,0.2,0,0,0,0,0,0,0.6,0.4,0.2,0,0,0,0,0.6,0,0,0.4,0,0.8,0,0.2,0,0,0,0,0,0,0,0,0.4,0,0,0,0,0,0,0,0,0,0,859993.75,98510.16609,95554.86111,-0.407176356,100819.9004,-0.474090588
5807,5826,5805,1.1,0.4,8.1,0.4,0.7,0,0,1.3,0,0.2,0,0,0,0,0.7,0,0,0,0,0,0,0,0,0.5,0.4,1.8,0,0,0,0,0,0.2,0.4,0,2.4,0.4,0.4,0,0,2.5,0.4,0,0,7.2,0,1.1,0,0,0,0,40.3,6,0.4,0,0,0,0,0,3.8,0,0.4,0,2.2,0.5,0,0,0.7,0,0.2,0,0,0,0,0.2,0,0,0,0,9.1,0,0,0,0,0,0,0.2,0,0,0,0,0,0.2,0,0.5,0.2,0,0,0,0,0.5,0,0.2,0,0.2,0,0,0,0,0,0,0,1.1,0,0,0,0,0,0,0,0,0,0,0,0,0.4,0,0,0,0,0,0,0,0.2,0,0.5,0,0.7,0.2,0,0.2,0,0,0,0,0,0,0,0.2,0.2,0,0,0.2,0.2,0,0,0,0,0,1813805,212389.3443,226725.625,0.813506923,212389.3443,0.178225287
5975,5998,5977,1.4,1.4,10.1,0.4,0.8,0,0,0.4,0,0,0,0,0,0,0,0,0.4,0,0,0,0,0,0.4,0,0,1.6,0,0,0,0.4,0,0,0,0,5.2,0,0.6,0,0,1.6,0,0,0,8.1,0,0,0,0.4,0,0,21.2,10.5,0.8,0,0,0.8,0,0,7.5,0,0,0,12.3,2.4,0,0.2,0.2,0,0,0,0,0,0.2,0,0,0,0,0,4.6,0,0,0,0,0,0.2,0.2,0,0,0,0,0,0.6,0,0,0.6,0,0,0,0,0,0,0,0,0.6,0,0,0,0,0,0,0,0.4,0.2,0.4,0,0,0,0,0,0,0,0,0,0,0.2,0.6,0,0,0,0,0.4,0,0,0,0,0,1,0,0,0,0,0,0,0.2,0,0,0.2,0,0.2,0,0,0,0.2,0,0,0,0,0,1738751,211784.5311,217343.875,0.726199774,199626.9805,0.103607253
6056,6083,6065,3.2,1,6.1,0,1.2,0,0,0.8,0,0.2,0,0,0,0,0.2,0,0,0.2,0.2,0,0,0,0,0.4,0,0.8,0,0,0,0,0,0,0,1.2,3.4,0,0.6,0.2,0,4.7,0,0,0.2,10.5,0,0,0,0.8,0,0,29.8,7.7,0.4,0,0.2,0,0,0,2,0,0.4,0,6.5,1.4,0,0,0.6,0,0,0,0,0.2,0,0,0.4,0,0.2,0,4.5,0,0,0,0,0,0,1,0,0,0,0,0,0.8,0,0.2,0,0,0,0,0,0,0,0,0,0.4,0,0,0.4,0,0,0,0,1.8,0,0.2,0,0,0,0,0,0.2,0,0,0,0,1,0,0,0,0,0,0,0,0.2,0,0,0,0.8,0.6,0,0,0,0.4,0.4,0,0.4,0,0,0.4,0,0,0,0,0.2,0,0,0,0,0,941302.25,116497.8032,94130.225,-0.420434109,106602.7463,-0.440279877
6136,6175,6152,1.3,0,3.1,0.4,0.4,0,0,0.8,0,0,0,0,0,0,0,0,0,0.6,0,0,0,0,0,0,1.2,0.4,0,0,0,0,0,0.4,0,0.4,4,0,0.8,0,0,6,0,0,0.2,9.2,0,0.2,0,0,0,0.2,32.6,5.4,0.6,0.2,0,0,0,0,6,0,0.2,0,10.4,1.5,0,0,0.4,0,0,0,0,0.6,0,0.2,0.2,0,0,0,6.2,0,0,0,0,0,0,0.4,0,0,0,0,0,0.6,0,0,0,0,0,0,0,0.2,0,0,0,0,0,0,0,0.2,0,0,0,0.8,0,0,0,0,0,0,0,0,0,0,0,0,0.6,0,0,0,0,0,0,0,0.8,0,0,0,1.2,0,0,0.2,0,0,0,0,0,0,0.6,0.6,0.2,0,0,0,0,0,0,0,0,0,960065.75,120308.9912,106673.9722,-0.303701218,111895.7751,-0.409332992
6216,6266,6237,3.5,0.4,0.8,0.4,0.6,0,0,0,0,0,0,0,0,0,0,0,0,0,0,0,0,0,0,0,0.2,1.2,0,0,0,0,0,0,0.2,0,1.6,0.4,0,0,0,4.8,0,0,0.2,12.4,0,0,0.4,0,0,0,40.5,4.8,0.2,0,0,0,0.4,0,4.3,0,0.2,0,7.2,1.6,0,0,0.2,0,0,0,0,0.4,0,0,0,0,0,0,8.9,0,0,0,0,0,0,0.4,0,0,0,0,0,0.8,0,0,0,0,0,0,0,0,0,0.2,0,0,0,0,0,0,0,0,0,0.4,0.4,0,0.2,0,0,0,0.2,0,0,0,0,0,0.2,0.4,0,0,0,0,0,0,0.2,0,0,0,1,0,0,0,0,0,0,0,0,0,0.2,0,0,0,0,0,0,0,0,0,0,0,1453545.8,182835.9497,145354.58,0.056262922,173041.1667,-0.051832693
6296,6361,6321,13.5,2.7,4.2,0.8,0.8,0,0,0.6,0,0.4,0,0,0,0,0,0,0,0.6,0,0,0,0,0,0.4,1.1,0.6,0,0,0,0,0.2,0,0.4,0.2,1.9,0,0.6,0,0,2.1,0,0,0,12.8,0,0.8,0,0,0,0,30.5,3,0.8,0,0,0,0,0.4,1.1,0,0,0,1.1,1.3,0,0,2.5,0,0.4,0,0,0,0,0,0,0,0,0,7.8,0,0,0,0,0,0,0,0,0,0,0,0,0.2,0,1.5,0,0,0,0,0,0.6,0.2,0,0,0.2,0,0,0.2,0,0,0,0,1.7,0,0,0,0,0,0,0,0,0,0,0,0,0.2,0,0,0,0,0,0,0,0.4,0,0.2,0,1,0,0,0,0,0,0,0,0,0,0.4,0,0,0,0,0,0,0,0,0,0,0,1438535,180041.9274,159837.2222,0.19103929,173526.538,-0.04899486
6376,6454,6403,3.4,2.6,9.9,3.2,0.7,0,0,0.2,0,0,0,0,0,0,0.2,0,0,1.1,0,0,0,0,0.2,0.2,3.2,0,0,0,0,0,0,0.2,0,0.7,1.9,0,0.6,0,0,1.5,0,0,0,16.4,0,0,0,0,0,0.2,25.6,2.4,0.2,0.4,0.2,0,0,0,2.8,0.2,0.2,0,1.3,0.6,0,0,0.7,0,0,0,0,0,0,0,0,0,0,0,11.6,0,0,0,0,0,0,0,0,0,0,0,0,0.6,0,1.3,0,0,0,0,0,0.2,0,0,0,0,0,0,0,0,0,0,0,1.5,0,0,0,0,0,0,0,0,0,0,0,0,0.4,0.2,0,0,0,0,0,0,0,0,0,0,1.7,0,0,0,0,0,0,0,0,0,0.9,0.6,0,0,0,0,0.2,0,0,0,0,0,1099005,135847.3424,122111.6667,-0.160037074,133374.3932,-0.283753415
6458,6547,6486,6.8,5.1,4.9,6,0.4,0,0,0,0,0.2,0,0,0,0,0.2,0,0,1.3,0,0,0,0,0,0,1.6,0.5,0,0,0,0.2,0,0,0.5,0,0.5,0.5,0.5,0,0,1.3,0,0,0.4,15.4,0,0,0,0.4,0,0,14.1,8.2,0,0,0,0.5,0.2,0,2.2,0,0,0,1.5,0,0,0,2,0,0,0,0,0,0,0,0,0,0,0,14.3,0,0,0,0,0,0,0.5,0,0,0,0,0,0.2,0,0.4,0,0,0,0,0,0,0.2,0,0,0,0,0,0,0,0,0,0,1.6,0,0,0,0,0,0,0,0,0,0,0,0,0.5,0.5,0,0,0,0,0,0,0.4,0,1.6,0,0.9,0.4,0,0,0,0.7,0,0,0,0,1.3,0.4,0.2,0,0,0,0.4,0,0,0,0,0,6642279,805124.7273,738031,5.571746514,804150,3.638087199
6541,6642,6569,5.8,1.3,13.5,5,1,0,0,0.4,0,0,0,0,0,0,0,0,0,0,0,0,0,0,0.4,0,1.3,0,0,0,0,0,0.4,0,0,0,1.3,0.4,0.4,0,0,3.9,0,0,1,17.7,0,0.2,0,0.2,0,1.2,20,3.3,0,0.2,0,0.2,0,0,1.5,0,0.2,0,1.7,0.8,0,0,1,0,0,0,0,0,0,0,0,0,0,0,10.8,0,0,0,0,0,0,0,0,0,0,0,0,0,0,0.2,0,0,0,0,0,0,0,0,0,0,0,0,0,0.2,0,0,0,1.3,0,0,0,0,0,0,0,0,0,0,0,0,0,0,0,0,0,0,0,0,0.4,0,0.4,0,1.2,0.2,0,0,0,0,0,0,0,0,0.8,0.2,0,0,0.2,0,0,0,0,0,0,0,600432,70805.66038,60043.2,-0.737650081,71908.02395,-0.643130383
6627,6739,6653,9.5,2.9,10.8,12,0.8,0,0,0.2,0,0,0,0,0,0,0,0,0,0.4,0,0,0,0,0.4,0.6,0,0.2,0,0,0,0.2,0,0,0,0,0.6,0,0.2,0,0,1.5,0,0,0.2,13.7,0,0,0,0,0,0,19.5,2.1,0,0,0,0,0.6,0,2.5,0,0.2,0,2.5,0.4,0,0,0.8,0,0.2,0,0,0,0,0,0,0,0,0,8.3,0,0,0,0,0,0,0,0,0,0,0,0,0,0,1,0,0,0,0,0,0,0.2,0,0,0.2,0,0,0,0,0,0,0,1.5,0,0,0.2,0,0,0,0,0,0,0,0,0,1.2,0.2,0,0,0,0,0,0,0.4,0,0,0,1.9,0,0.2,0,0,0,0,0,0,0,1.2,0.2,0,0,0,0,0.2,0,0,0,0,0.2,450982.3684,51423.30313,40998.39713,-0.9148822,52994.40287,-0.753713127
6762,6881,6783,9.3,15.4,6.1,9.5,1,0,0,1,0,0,0,0,0,0,0,0,0,1.9,0,0,0,0,0,0,0.8,0.2,0,0,0,0,0,0,0,0,0.8,0.2,0.4,0,0,1.9,0.2,0,0.4,10.3,0,0.2,0,0,0,0.2,14.9,5.1,1,0,0,1,0,0,0.8,0,0,0,2.1,0.2,0,0,0.8,0,0,0,0,0,0,0,0,0,0,0,9.9,0,0,0.6,0,0,0,0,0,0,0.2,0,0,1,0,0.4,0,0,0,0.2,0,0,0,0,0,0,0,0.2,0,0,0,0,0,0.4,0,0,0,0,0,0,0,0,0,0,0,0,0,0.2,0,0,0,0,0,0,1,0,0,0,0.6,0,0,0,0,0,0,0,0,0,0.2,0,0,0,0,0,0,0,0,0,0,0,248836.9355,26670.62545,24883.69355,-1.064846633,28053.7695,-0.899534155
6809,6929,6827,4.6,1.3,3.3,10.4,0.4,0,0,0.4,0,0,0,0,0,0,0.4,0,0,1,0,0,0,0,0.2,0,0.2,0,0,0,0,0.2,0.2,0,0.4,0,1,0,0.4,0,0,4.6,0,0,0.4,13.3,0,0,0,0,0,0,32.3,4,0,0,0,0,0,0,1.2,0,0,0,3.1,0.8,0,0,1,0,0,0,0,0,0,0,0,0,0,0,6.3,0,0,0,0,0,0,0.6,0,0,0,0,0.2,0.4,0,0.8,0,0,0,0,0,0,0,0,0,0.2,0,0,0,0,0,0,0,1.2,0,0,0,0,0,0,0,0,0,0,0,0,0.4,0.2,0.2,0,0,0,0,0.6,0,0,0.2,0,3.1,0,0,0,0,0,0,0,0,0,0.4,0,0.2,0,0,0,0.2,0,0,0,0,0.2,73394.64286,7685.302917,7339.464286,-1.228114321,8136.878366,-1.015982744
6907,7019,6919,0.8,0.2,2.3,7.9,1.1,0,0,0.2,0,0,0,0,0,0,0.2,0,0,1.9,0,0,0,0.2,0,0.2,0.4,0.2,0,0,0.2,0.2,0,0,0,0.4,0.9,0.2,0.8,0,0,3,0,0,0.2,8.3,0,0,0,0.4,0,0.4,28.1,9.2,0,0,0.2,0.2,0,0,0.2,0,0,0,2.1,0.2,0,0,3.2,0,0,0,0,0,0,0,0,0,0,0,20.8,0,0,0,0,0,0,0.2,0,0,0,0,0,0.9,0,0.2,0,0,0,0,0,0,0.8,0,0,0,0,0,0,0,0.2,0,0,0.4,0,0,0,0,0,0,0,0,0,0,0,0,0,0,0.2,0,0,0,0,0,0.2,0,0,0,0.8,0,0,0,0,0,0,0,0.4,0,0.2,0,0,0,0,0.4,0.6,0.2,0,0,0,0,622322.75,61984.33765,56574.79545,-0.76992727,66345.70896,-0.67565171
6999,7107,7005,1.5,0.2,2.4,0.2,1.7,0,0,0,0,0.2,0,0,0,0,1.5,0,0,0.2,0,0,0,0.2,0.4,0,0,0,0,0,0,0.2,0.2,0,0.6,0,3,0,1.1,0.2,0,1.3,0,0,0.2,10.9,0.4,0,0,0,0,0.2,27.9,12.6,0.4,0,0.4,0,0.4,0,0.4,0,0.2,0,3.1,1.7,0,0,0.4,0,0,0,0,0,0,0,0,0,0,0,16.5,0,0,0.6,0,0.6,0,0,0,0,0,0,0,3,0,0.7,0,0,0,0,0,0,0,0,0,0,0,0.6,0,0,0,0,0,0.2,0,0,0,0,0,0,0,0,0,0,0,0,0,0,0,0,0,0,0,0,0,0,0,0,0.2,0.2,0,0,0,0.4,0.4,0,0,0,0,0.4,0,0,0,2.4,0.2,0.2,0,0,0,0,1073697.75,101965.5983,119299.75,-0.186204945,110010.0154,-0.420358511
7010,7116,7015,0.6,0.4,1.7,0.4,0.4,0,0,1,0,0,0,0,0,0,0,0,0,0.4,0,0,0,0,0,0.2,0,0,0,0,0,0,0.2,0,0,0,1.7,0,0.2,0,0.2,2.9,0,0,0.2,12.4,0,0,0,0,0,0,31.7,11.2,0,0,0,0,0,0,1.9,0,0,0,6.2,1.7,0,0,1,0,0,0,0,0.2,0,0,0.4,0,0,0,17.2,0,0,0,0,0,0,1,0,0,0,0,0,0.2,0,0.4,0,0,0,0,0,0,0,0.2,0,0,0,0,0,0,0,0,0,0,0,0,0,0,0,0,0,0,0,0,0,0,0,0,0,0,0,0,0,0,0.6,0,0,0,0.6,0,0,0,0,0,0.2,0,0,0,0,0,0,0,0,2.3,0.2,0,0,0,0,0,3061577.75,289100.8263,306157.775,1.552707446,312087.4363,0.761132629
7020,7126,7025,0.7,0.2,0.7,0.2,1.9,0,0,0.7,0,0,0,0,0,0,0,0,0,0.4,0,0,0,0,1.1,1.1,0,0,0,0,0,0.2,0,0,0,0.6,1.9,0,0.2,0,0,0.4,0,0,0.4,10.8,0,0,0,0,0,0,36.2,10.9,0,0.2,0,0,0,0,0.6,0,0.2,0,5,2.2,0,0,0.2,0,0,0,0,0,0,0.2,0.2,0,0,0,10.2,0,0,0,0,0,0,0.4,0,0,0,0,0.2,3,0,0.2,0.2,0,0,0,0,0,0,0,0,0,0,0,0,0,0,0,0.2,2.2,0,0.2,0.2,0,0,0,0.6,0,0,0,0,0.2,1.3,0,0,0,0,0,0,0,0.9,0,0,0,1.7,0,0,0,0,0,0,0,0,0,0,0,0,0,0,1.1,0.2,0,0,0,0,0,838109.7,78695.74648,83810.97,-0.516465737,85087.27919,-0.5660749
7031,7136,7034,0.6,0.4,0.7,0.2,1.3,0,0,0.2,0,0.2,0,0,0,0,0.7,0,0,0,0,0,0.2,0,0,0.2,0,0,0,0,0,0.4,0.2,0.2,0.2,0,4.7,0,0.6,0,0,0.4,0,0,0.2,11.4,0,0.6,0,0.2,0,0,44.3,9.9,0.2,0,0,0,0,0,0.2,0,0.6,0,3,0.6,0,0,0.2,0,0,0,0,0,0,0,0.6,0,0,0,11.5,0,0,0.9,0,0.2,0,0,0,0,0,0,0.2,0,0,0,0,0,0,0,0,0,0,0,0,0,0,0.6,0,0,0,0.2,0,0,0,0,0,0,0,0,0,0,0,0.4,0,0,0,0.7,0,0,0,0,0,0,0.4,0,0,0,0.4,0.2,0.2,0,0,0,0.4,0,0,0,0.2,0.2,0,0,0,0.6,0,0,0,0,0,0,1515685.95,141520.6303,168409.55,0.270813905,153099.5909,-0.168425606
7042,7145,7044,0.4,0,0.6,0.2,0.6,0,0,0.9,0.2,0.2,0,0,0,0,0,0,0,0.6,0,0,0,0,0.2,0.9,0,0,0,0,0,0,0,0,0.4,0,4.2,0,0.4,0,0,2.3,0,0,0.2,15.3,0,0,0,0,0,0,46.8,7.2,0,0,0,0,0,0,0.4,0,0.6,0,1.9,1.1,0,0,0.8,0,0,0,0,0,0,0,0.4,0,0,0,7.4,0,0,0.4,0,0,0,0.2,0,0,0,0,0.4,0.6,0,0.4,0,0,0,0,0,0,0,0.2,0,0,0,0.2,0,0,0,0,0,0.2,0,0,0,0,0,0,0.2,0,0,0,0,0,0.8,0,0,0,0,0,0,0,0,0,0,0,0.8,0,0,0,0,0,0,0,0,0,0,0,0,0,0,1.9,0,0,0,0,0,0,1784631.6,165703.9554,162239.2364,0.213392584,179359.9598,-0.014888446
7053,7156,7054,1.7,0.2,1.3,0,0.8,0,0,0,0,0,0,0,0,0,0.2,0,0,0.4,0,0,0,0,0,0.2,0,0,0,0,0,0.4,0,0,0,0,4.7,0,1.1,0,0,0.6,0,0,0,8.7,0,0.2,0,0,0,0,61,5.7,0,0.6,0,0,0,0,0.2,0,0.2,0,0.6,0.4,0,0,0,0,0,0,0,0,0,0,0,0,0,0,4.9,0,0,0,0,0,0,0.9,0,0,0,0,0,0.6,0,0.9,0,0.6,0,0,0,0,0.2,0,0,0,0,0.4,0,0.2,0,0,0.2,0.8,0,0,0,0,0,0,0,0,0,0,0,0,0,0,0,0,0,0,0,0,0.4,0,0,0,0,0,0.2,0,0,0,0,0,0,0,0.2,0,0,0,0,0.2,0.2,0,0.2,0,0,0,1517770.8,140145.0416,168641.2,0.272969655,151777.08,-0.176157963
7063,7165,7064,1.1,0,1,0,0.8,0,0,0,0,0,0,0,0,0,0,0,0,0,0,0,0,0,0,0.2,0,0,0,0,0.2,0,0,0,0,0.4,5,0.2,0.8,0,0,0.2,0,0,0.2,6.7,0,0,0,0,0,0,64.8,6.5,0,0,0.2,0,0.2,0,0,0,0.2,0,2.3,0.4,0,0,0,0,0,0,0,0,0,0,0.6,0,0,0,3.8,0,0,0.2,0,0,0,0.6,0.2,0.2,0,0,0,0.2,0,0.2,0,0.4,0,0,0,0,0.2,0,0,0,0,0,0,0,0,0,0,0,0,0,0,0,0,0,0,0,0,0,0,0,0.2,0,0,0,0,0,0,0,0.4,0,0,0,1.1,0,0,0,0,0,0,0,0,0,0,0.2,0.2,0,0,0.4,0,0,0,0,0,0,1050764.4,96488.92562,116751.6,-0.209918187,104553.6716,-0.452260253
7074,7174,7074,0.4,0.2,1,0.2,0.4,0,0,0,0,0,0,0,0,0,0.8,0,0.2,0,0,0,0,0,0.4,0.2,0,0,0,0,0.2,0.4,0,0,0,0,6,0,0.8,0,0,0.4,0,0,0,6.9,0,0,0,0,0,0,61.7,4.8,0,0,0,0,0,0,0.2,0,0.2,0,1.7,0.2,0,0,0.4,0,0,0,0,0,0,0,0,0,0,0,7.9,0,0,0.6,0,0,0,0,0,0,0.2,0,0.2,0.6,0,0.2,0,0,0,0,0,0,0.2,0,0,0,0,0.4,0,0,0,0,0,0.6,0,0.2,0,0,0,0,0,0,0,0,0,0,0,0,0,0,0,0,0,0,0,0,0,0,0.2,0,0,0,0,0,0,0,0,0,0,0.2,0,0,0,1,0,0,0,0,0.2,0,908994.6,83013.20548,90899.46,-0.450499809,89999.46535,-0.537354697
7085,7184,7084,1.2,0.2,1.5,0.2,0.6,0,0,0.2,0,0,0,0,0,0,0,0,0,0.2,0,0,0,0,0,0.4,0,0,0,0,0,0.2,0,0,0,0.4,4.2,0,0,0,0,1.5,0,0,0,9.2,0,0.2,0,0,0,0,64,2.7,0,0,0.4,0,0.2,0,0.2,0,0,0,0.2,0.2,0,0,0.2,0,0,0,0,0,0,0,0,0,0,0,6.7,0,0,0,0,0,0,0.2,0,0,0,0,0.2,1.3,0,0.4,0,0,0,0,0,0,0,0,0,0,0,0.2,0,0.2,0,0,0,0.8,0,0,0,0,0,0,0,0,0,0,0,0,0.2,0,0,0,0,0,0,0,0.4,0,0,0,0.2,0,0,0,0,0,0,0,0,0,0,0.6,0.2,0,0,0.2,0,0,0,0,0,0,558739.8,50748.39237,62082.2,-0.718675021,55048.25616,-0.741704811
7096,7193,7095,0.4,0,1.6,0,0.4,0,0,0,0,0,0,0,0,0,0.2,0,0,0.2,0,0,0,0,0,0,0,0,0,0.2,0,0.2,0,0.4,0,0.2,3.9,0,0.2,0,0,0.2,0,0,0,8.8,0,0,0,0,0,0,72.6,3.3,0,0,0,0,0,0,0.2,0,0.2,0,0.2,0.2,0,0,0.2,0,0,0,0,0,0,0,0.2,0,0,0,3.9,0,0,0,0,0,0,0,0,0,0,0,0,0.2,0,0.2,0,0,0,0,0,0,0,0,0,0,0,0.4,0,0.4,0,0,0,0,0,0,0,0,0,0,0,0,0,0,0,0,0,0,0,0,0,0,0,0,0.2,0,0,0,0.2,0,0,0,0,0,0,0,0,0,0,0.2,0,0,0,0,0.6,0,0,0,0,0,591700.2857,53402.55286,59170.02857,-0.745775869,58009.83193,-0.724389292
7107,7203,7105,0.2,0,1,0,0.6,0,0,0.4,0,0,0,0,0,0,0.2,0,0,0,0,0,0,0,0,0,0,0,0,0,0,0.2,0,0,0,0,6.3,0,0.4,0,0,0.4,0,0,0,7.1,0,0,0,0,0,0,71.9,3.8,0.2,0,0.2,0,0.2,0,0,0,0.6,0,0,0.4,0,0,0.2,0,0,0,0,0,0,0,0,0,0,0,3.7,0,0,0.2,0,0,0,0,0,0,0,0,0.2,0,0,0.2,0,0.2,0.2,0,0,0,0,0,0,0,0,0.2,0.2,0,0,0,0,0.2,0,0,0,0,0,0,0,0,0,0,0,0,0,0,0,0,0,0,0,0,0,0,0,0,0,0,0,0,0,0,0.2,0,0,0,0.2,0,0,0,0.2,0,0,0,0,0,0,0,804752.1,72239.86535,89416.9,-0.464296604,78512.4,-0.604516411
7118,7212,7115,0,0.2,0.8,0,1.2,0,0.2,0.2,0,0,0,0,0,0,0.2,0,0,0,0,0,0,0,0,0,0,0,0,0,0,0,0,0,0,0.2,4.8,0,0.6,0,0.2,0,0,0,0,9.1,0,0,0,0,0,0,69.4,3.3,0.4,0,0.2,0,0,0,0,0,0,0.6,0.6,0.2,0,0,0,0,0,0,0,0,0,0,0,0,0,0,5.8,0,0,0,0,0,0,0,0,0,0,0,0,0.4,0,0,0,0,0,0,0,0,0,0,0,0,0,0,0,0,0,0,0,0.6,0,0,0,0,0,0,0,0,0,0,0,0,0,0,0,0,0,0,0,0,0,0,0,0,0.4,0,0,0,0,0,0,0,0,0,0.2,0.2,0,0,0,0,0.2,0,0,0,0,0,1979685.217,176757.6087,219965.0242,0.750592352,192202.4483,0.060198054
7130,7221,7125,0.9,0,0.7,0,1.5,0,0,0.2,0,0,0,0,0,0,0.2,0,0,0,0,0,0,0,0,0,0,0,0,0,0,0,0,0,0,0.6,7.6,0,0,0,0,0.9,0,0,0,8.8,0,0,0,0,0,0,65.5,3.4,0.2,0,0.2,0.2,0.6,0,0.2,0,0.4,0,0.2,0.4,0,0,0,0,0,0,0,0.2,0,0,0,0,0,0,4.9,0,0,0.4,0,0,0,0,0,0,0,0.2,0,0.2,0,0,0,0,0,0,0,0,0,0,0,0,0,1.1,0,0,0,0,0,0.4,0,0,0,0,0,0,0,0,0,0,0,0,0,0,0,0,0,0,0,0,0,0,0,0,0.2,0,0,0,0,0,0,0,0,0,0,0,0,0,0,0,0,0,0,0,0,0,356161.875,31602.65084,35616.1875,-0.964969378,34378.55936,-0.862554847
7141,7231,7136,0.2,0,0.4,0,0.8,0.2,0,0.2,0,0,0,0,0,0,0,0,0,0.2,0,0,0,0,0,0,0,0,0.6,0,0.2,0,0,0,0,0,4.2,0,0.4,0,0,0.8,0,0,0,6.3,0,0,0,0,0,0,75.2,3.1,0,0.2,0.2,0,0,0,0,0,0,0,0.2,0.6,0,0,0,0,0,0,0,0,0,0,0,0,0,0,3.5,0,0,0.2,0,0,0,0.2,0,0,0,0,0,0.6,0,0.4,0,0,0,0,0,0,0,0,0,0,0,0,0,0,0,0,0,0.2,0,0,0,0,0,0,0,0,0,0,0,0,0.2,0,0,0.2,0,0,0,0,0,0,0,0,0.2,0,0,0,0,0,0,0,0,0,0,0,0.2,0,0,0,0.2,0,0,0.2,0,0,1052849.25,92843.84921,116983.25,-0.207762438,101138.2565,-0.472229247
7152,7240,7146,0.4,0,0.4,0,0.8,0,0,0.2,0.2,0,0,0,0,0,0,0,0,0,0,0,0,0,0,0.4,0,0,0,0,0,0,0,0,0,0.4,7,0,0.6,0.2,0,0.8,0,0,0,5.3,0,0,0,0,0,0,74.6,2.7,0.9,0,0.2,0,0.2,0,0,0,0,0,0,0.8,0,0,0.2,0,0,0,0,0,0,0,0,0,0,0,1.3,0,0,0.6,0,0,0,0,0,0,0,0,0,0.6,0,0,0,0,0,0,0,0,0,0,0,0,0,0,0,0,0,0,0.2,0.2,0,0,0,0,0,0,0,0,0,0,0,0,0.4,0,0,0,0,0,0,0,0.2,0,0,0,0.2,0,0,0,0,0,0,0.2,0,0,0.2,0,0,0,0,0,0,0,0,0,0,0,608776.2,53401.42105,67641.8,-0.666937038,58144.81375,-0.72360009
7164,7249,7157,0.2,0,0.8,0,1.7,0,0,0,0,0,0,0,0,0,0,0,0,0.2,0,0,0,0,0,0,0,0,0,0,0.2,0,0,0,0.4,0.4,7.2,0,0.2,0,0,1.7,0,0,0,3.6,0,0,0,0,0,0,73.4,2.5,0.2,0,0,0,0.2,0,0.2,0,0.8,0,0.4,0,0,0,0.4,0,0,0,0,0,0,0,0.2,0,0,0,2.5,0,0,0,0,0,0,0,0,0,0,0,0,0.6,0,0,0,0,0,0,0,0,0,0,0,0,0,1,0,0,0,0,0,0,0,0,0,0,0,0,0,0,0,0,0,0,0.2,0.2,0,0,0,0,0,0,0.2,0,0,0,0,0,0,0,0,0,0,0,0,0,0.2,0.4,0,0,0,0.2,0,0,0,0,0,0,796412.7,69434.41151,79641.27,-0.555269224,75704.62928,-0.620932675
7175,7259,7167,0.2,0,1,0,0.4,0.2,0,0.2,0,0,0,0,0.2,0,0,0,0,0,0,0,0,0,0,0.2,0,0,0,0,0,0,0,0.4,0,0.6,4.8,0,0.6,0,0,1.3,0,0,0,6.7,0,0.2,0,0,0,0,71.6,5,0.8,0,0,0,0,0,0.6,0,0.2,0,0.6,0,0,0,0.4,0,0,0,0,0,0,0,0,0,0,0,1.3,0,0,0,0,0,0,0,0.2,0,0,0,0,0.2,0,0,0,0.6,0,0,0,0,0,0,0,0,0,1.1,0,0,0,0,0,0,0,0,0,0,0,0,0,0,0,0,0,0,0,0,0,0,0,0,0,0,0,0,0,0,0.4,0,0,0,0,0,0,0,0,0,0,0,0,0,0,0.2,0.2,0,0,0,0,0,500364,43359.09879,55596,-0.779036001,47293.38374,-0.787045419
7187,7268,7178,0.6,0.2,0,0,0.4,0,0,0,0,0,0,0,0,0,0.2,0,0,0,0,0,0,0,0.2,0.2,0,0,0,0,0,0,0,0,0.2,0.2,8,0.2,0.2,0,0,0.6,0,0,0,4.3,0,0,0,0,0,0,77.5,2,0.2,0,0.2,0,0,0,0,0,0,0,0.6,0,0,0,0,0,0,0,0,0,0,0,0.2,0,0,0,2.1,0,0,0,0,0,0,0,0,0,0,0,0,0.2,0,0,0,0,0,0,0,0,0,0,0,0,0,0,0,0,0,0,0,0.6,0,0,0,0,0,0,0,0,0,0,0,0,0.4,0,0,0,0,0,0,0,0,0,0,0,0.2,0,0,0,0,0,0,0,0,0,0,0,0,0,0,0,0,0.2,0,0,0.2,0,506618.55,43674.01293,46056.23182,-0.867813676,47659.31797,-0.784905902
7198,7279,7188,0.2,0.4,0,0,0.6,0,0,0,0,0,0,0,0,0,0,0,0,0,0,0,0,0,0,0,0,0,0,0,0,0,0,0,0,0.4,21.1,0,0.2,0,0,1.4,0,0,0,4.3,0,0,0,0,0,0,55.8,5.7,0,0,0.6,0,0.4,0,0.4,0,0,0,0.4,0.4,0,0,3.1,0,0,0.2,0,0,0,0,0.2,0,0,0,1.2,0,0,0,0,0,0,0,0,0,0,0,0,1.4,0,0,0,0,0,0,0,0,0,0,0,0,0,0,0,0,0,0,0,0,0,0,0,0,0,0,0,0,0,0,0,0,0.4,0,0,0,0,0,0,0,0,0,0,0,1,0,0,0.2,0,0,0,0,0,0,0,0.2,0,0,0,0,0,0,0,0,0,0,555328.2273,47585.96635,61703.13636,-0.72220261,51948.38422,-0.75982891
7210,7288,7199,0.2,0,0.2,0,0.6,0,0,0.2,0,0,0,0,0,0,0.2,0,0,0.2,0,0,0,0.2,0,0.4,0,0,0,0,0,0,0,0,0.2,0.4,8,0,0,0,0,0.4,0,0,0,5.7,0,0.2,0,0,0,0.2,75.9,2.2,0,0,0.2,0,0,0,0.2,0,0.8,0,0,0.2,0,0,0.2,0,0,0,0,0,0,0,0,0,0,0,2,0,0,0,0,0,0,0,0,0,0,0,0,0.2,0,0.2,0,0,0,0,0,0,0,0,0,0,0,0,0,0,0,0,0,0,0,0,0.2,0,0,0,0,0,0,0,0,0,0.2,0,0,0,0,0,0,0,0,0,0,0,0.4,0,0,0,0,0,0,0,0,0,0,0,0,0,0,0,0,0,0,0,0,0,305778,26045.82624,30577.8,-1.011856925,28444.46512,-0.897249866
7222,7298,7210,0.2,0,0.2,0,1,0,0,0.2,0,0,0,0,0,0,0,0,0,0.2,0,0,0,0,0.2,0.2,0,0,0,0,0,0,0.2,0,0,0,6,0,0.2,0,0,1,0,0,0.2,2.9,0,0,0,0,0,0,80.1,3.7,0,0,0,0,0,0,0,0,0.8,0,0.2,0.4,0,0,0.4,0,0,0,0,0,0,0,0,0,0,0,0.6,0,0,0,0,0,0,0,0,0,0,0,0,0.4,0,0.2,0,0,0,0,0,0,0,0,0,0.2,0,0,0,0,0,0,0,0,0,0,0,0,0,0,0,0,0,0,0,0,0.2,0,0,0,0,0,0,0,0,0,0,0,0.2,0,0,0,0,0,0,0,0,0,0,0,0,0,0,0,0,0,0,0,0,0,865212.75,73261.02879,96134.75,-0.401779874,80038.18224,-0.595595582
7233,7307,7221,0.2,0,0.4,0,0.2,0,0,0,0,0,0,0,0,0,0.2,0,0,0,0,0,0,0,0,0,0,0.2,0,0,0,0,0,0,0,0,8.1,0,0,0.2,0,0.4,0,0,0,3.7,0,0,0,0,0,0,78.1,1,0.4,0,0.2,0,0,0,0.4,0,0.2,0,0.6,0.4,0,0,0.2,0,0,0,0,0,0,0,0,0,0,0,3.1,0,0,0,0,0,0,0.2,0,0,0,0,0,0,0.2,0,0,0,0,0,0,0,0,0,0,0.2,0,0,0.2,0,0,0,0,0,0,0,0,0,0,0,0,0,0,0,0,0,0,0,0,0,0,0,0,0,0,0,0.2,0,0.6,0,0,0,0,0,0,0,0,0,0,0,0,0,0,0.2,0.2,0,0,0,0,0,2644760,222435.6602,330595,1.780121781,243308.1877,0.358999266
7356,7396,7332,0,0,0.4,0,0.2,0,0,0,0,0,0,0,0,0,0,0,0,0,0,0,0,0,0,0,0,0,0,0,0,0,0,0,0,0,4,0,0,0,0,0,0,0,0.4,1.2,0,0,0,0,0,0,89.1,0,2.4,0,0,0.2,0,0,0,0,0,0,0.2,0.4,0,0,0.2,0,0,0,0,0,0,0,0,0,0,0,0.8,0,0,0,0,0,0,0,0,0,0,0,0,0.2,0,0,0,0,0,0,0,0,0,0,0,0,0,0,0,0,0,0,0,0,0,0,0,0,0,0,0,0,0,0,0,0,0,0,0,0,0,0,0.2,0,0,0,0,0,0.2,0,0,0,0,0,0,0,0,0,0,0,0,0,0,0,0,0,0,0,0,0,613536.6667,48577.72499,68170.74074,-0.662014682,53351.0145,-0.751628117
7623,7624,7611,0,0,0.4,0,1,0,0,0.6,0,0,0,0,0,0,0,0,0.4,0,0,0,0,0,0,0,0,0,0,0,0,0,0,0,0,0,10,0,0.4,0,0,0,0,0,0,1.4,0,0,0,0.2,0,0,79.6,0.8,0.6,0,0,0,0,0,0,0,0.4,0,0.8,1.2,0,0,0.2,0,0,0,0,0,0,0,0,0,0,0,1.2,0,0,0,0,0,0,0,0,0,0.8,0,0,0,0,0,0.2,0,0,0,0,0,0,0,0,0,0,0,0,0,0,0,0,0,0,0,0,0,0,0,0,0,0,0,0,0,0,0,0,0,0,0,0,0,0,0,0,0,0,0,0,0,0,0,0,0,0,0,0,0,0,0,0,0,0,0,0,0,0,0,1948276.75,138371.9283,139162.625,-0.001359796,100271.5775,-0.477296481
7765,7763,7819,0,0,0.6,0,1,0,0,0,0,0,0,0,0,0,0,0,0,0,0,0,0,0,0.4,0,0,0,0,0,0,0,0,0,0,0,2.1,0,0,0,0,0.2,0,0,0,0.6,0,0,0,0,0,0,86.1,1.7,0.6,0,0,0.6,0,0,0,0,0,0,0.8,2.1,0,0,0,0,0,0,0,0,0,0,0,0,0,0,0,0,0,0,0,0,0.2,0,0,0,0,0,0,0.6,0,0,0.2,0,0,0,0,0.4,0,0,0,0.2,0,0,0,0,0,0,0,0,0,0,0,0,0,0,0,0,0,0,0,0,0,0,0,0,0,0,1.7,0,0,0,0,0,0,0,0,0,0,0,0,0,0,0,0,0,0,0,0,0,0,0,0,0,0,0,6195082.25,433222.535,563189.2955,3.944658747,336323.6835,0.902835306
7837,7818,7911,0,0,0.4,0,0.4,0,0,0,0,0,0,0,0,0,0,0,0,0,0,0,0,0,0,0,0,0,0,0,0,0.4,0,0,0,0.4,2.4,0,0,0,0,0.4,0,0,0,0.2,0,0,0,0,0,0,88.2,1.8,0,0,0.4,0,0,0,0,0,0,0,0.6,1.2,0,0,0,0,0,0,0,0,0,0,0,0,0,0,0.8,0,0,0,0,0,0,0,0,0,0,0,0,1.6,0,0,0,0,0,0,0,0,0,0,0,0,0,0,0,0,0,0,0,0,0,0,0,0,0,0,0,0,0,0,0,0,0,0,0,0,0,0,0,0,0,0,0,0,0,0,0,0,0,0,0,0,0,0,0,0,0,0,0,0,1,0,0,0,0,0,1751260,122465.7343,159205.4545,0.185160021,95177.17391,-0.507082058